en	hil
"""All governments [22 U.S. 738, 819] which are not extremely defective in their organization, must possess, within themselves, the means of expounding, as well as enforcing, their own laws."""	"""Ang tanan nga mga gobyerno [22 U.S. 738, 819] nga indi tuman ka depektibo sa ila organisasyon, dapat may ara, sa sulod nila, sang mga paagi sa pagpaathag, subong man sa pagpatuman, sang ila kaugalingon nga mga kasuguan."""
Eventually, the class is expected to interpreted the literary critique with a well-structured introduction and conclusion.	Sa ulihi, ang klase ginapaabot nga mag-interpret sang kritika sa literatura nga may isa ka maayo nga istruktura nga introduksyon kag konklusyon.
Once you get used to it, the streaming service posted a photo, and the risk of failure drops considerably.	Kon maanad ka na, ang streaming service nag-post sang litrato, kag ang risgo sang kapaslawan naganubo sing daku.
"""Although the concept is mainly applied to spoken discourse, it highlights a number of important aspects of the narratives in this study."""	"""Bisan pa nga ang konsepto panguna nga ginaaplikar sa ginahambal nga diskurso, ginapadaku sini ang pila ka importante nga mga aspeto sang mga sugilanon sa sini nga pagtuon."""
As a matter of fact, a biographer catalogued the role of ordinary people.	Sa pagkamatuod, ginlista sang isa ka biograpo ang papel sang ordinaryo nga mga tawo.
"""The principles of cyclic watering can be applied to all watering methods, including drip irrigation and hand watering."""	"""Ang mga prinsipyo sang cyclic watering mahimo magamit sa tanan nga mga pamaagi sa pagpatubig, lakip ang drip irrigation kag hand watering."""
There is always something to be grateful for if you examine closely enough.	May yara gid sang dapat pasalamatan kon usisaon mo sing maayo.
"""In addition to the many sufferings inflicted on the Iranian people, the inequalities within the legal system have become further unscrupulous."""	"""Dugang pa sa madamo nga mga pag-antos nga gintuga sa mga pumuluyo sang Iran, ang mga di-pag-alalangay sa sulod sang legal nga sistema nangin labi pa nga wala sing prinsipyo."""
"""The larger the diameter of a spherical shell, the greater the stresses are in its wall, all other factors equal."""	"""Kon mas daku ang diametro sang isa ka spherical shell, mas daku ang mga stress sa dingding sini, ang tanan nga iban pa nga mga butang pareho."""
And it's all related to unusual weather patterns which aparently surprised the local governments.	Kag ini tanan may kaangtanan sa tumalagsahon nga mga pattern sang panahon nga daw nagpakibot sa mga lokal nga panguluhan.
Matthews challenged Perkins on his notion that marriage has always been the union of one man and one woman.	Ginhangkat ni Matthews si Perkins sa iya nosyon nga ang kasal amo ang paghiusa sang isa ka lalaki kag isa ka babayi.
"""Churches are even using facial recognition to monitor attendance, and one school in the UK wants to use it to keep tabs on teachers."""	"""Ang mga simbahan nagagamit pa gani sang pagkilala sa nawong sa pagbantay sang pagtambong, kag ang isa ka eskwelahan sa UK luyag maggamit sini sa pagbantay sa mga manunudlo."""
PubMed is a searchable database that includes over 18 million citations and abstracts from MEDLINE and other life science journals.	Ang PubMed isa ka database nga mahimo pangitaon nga nagalakip sang masobra 18 milyones ka mga sitasyon kag mga abstract gikan sa MEDLINE kag iban pa nga mga journal sa siyensya sang kabuhi.
"""EPD - Designed to provide easy-to-find information about our efforts to protect and manage Georgia's air, water and land resources."""	"""EPD - Gindesinyo sa paghatag sang mahapos pangitaon nga impormasyon parte sa amon mga panikasog sa pag-amlig kag pagdumala sang mga manggad sa hangin, tubig kag duta sang Georgia."""
The organisation quantified the carbon footprint of the anthropogenic impact on global nitrogen cycles using longitudinal remote sensing datasets.	Gin-isip sang organisasyon ang carbon footprint sang anthropogenic nga epekto sa pangkalibutanon nga mga siklo sang nitroheno gamit ang longitudinal remote sensing datasets.
"""All this data can be analyzed to find trends, locate problems, and find solutions."""	"""Ang tanan nga datos mahimo nga ma-analisar sa pagpangita sang mga uso, pagpangita sang mga problema, kag pagpangita sang mga solusyon."""
"""In late January, the Commerce Department reported that fourth-quarter GDP contracted by 0.1% in the first of three readings."""	"""Sang ulihi nga bahin sang Enero, ang Departamento sang Komersyo nagreport nga ang ikaapat nga quarter nga GDP nagnubo sang 0.1% sa una sa tatlo ka pagbasa."""
After some thought, the restaurant marinated a seasonal vegetable stew over a low heat for two hours.	Pagkatapos sang pila ka paghunahuna, ang restawran nag-marinate sang isa ka seasonal nga linamas nga utanon sa manubo nga kalayo sa sulod sang duha ka oras.
"""In the current academic curriculum in Hong Kong, English literary studies (ELS) and the important local tradition of Hong Kong literature in English provide a valuable resource for such imaginative and creative learning."""	"""Sa karon nga kurikulum sa akademiko sa Hong Kong, ang mga pagtuon sa literatura sa Ingles (ELS) kag ang importante nga lokal nga tradisyon sang literatura sa Hong Kong sa Ingles nagahatag sang isa ka mapuslanon nga kapanguhaan para sa amo nga mahanduraw kag mamugnaon nga pagtuon."""
All things considered, the sports analyst competed a goal.	Ang tanan nga mga butang nga ginbinagbinag, ang sports analyst nagpaindis-indis sa isa ka katuyuan.
No social life could have arisen among men of equal natural capacity in a world which was geographically uniform.	Wala sing sosyal nga kabuhi ang mahimo nga nagtuhaw sa tunga sang mga tawo nga may pareho nga kinaugali nga kapasidad sa isa ka kalibutan nga pareho sa geograpiya.
"""Local geologists said the region located in North Hamgyeong Province, Kilju County has extensive granite bedrock formations that can help prevent radioactive materials from leaking to the surface following an atomic detonation."""	"""Ang mga lokal nga geologo nagsiling nga ang rehiyon nga nahamtang sa North Hamgyeong Province, Kilju County may malapad nga mga pormasyon sang granite bedrock nga makabulig sa pagpugong sang mga materyales nga radyoaktibo nga magtulo sa ibabaw pagkatapos sang isa ka paglupok sang atomo."""
"""Through the programme's educational component, participating women also gained valuable knowledge about their children's nutrition and heath needs."""	"""Paagi sa edukasyonal nga bahin sang programa, ang mga nagapasakop nga mga kababayin-an nakakuha man sang mapuslanon nga ihibalo nahanungod sa nutrisyon kag mga kinahanglanon sa ikaayong lawas sang ila mga kabataan."""
What do the clinics offer?	Ano ang ginatanyag sang mga klinika?
Part 1: A review of the history and literature of Italian-American immigration from Ellis Island through the Italian-American communities of today including those in Connecticut.	Bahin 1: Isa ka pagrepaso sang maragtas kag literatura sang imigrasyon sang Italyano-Amerikano gikan sa Ellis Island paagi sa mga komunidad sang Italyano-Amerikano karon lakip na ang mga yara sa Connecticut.
Each container is also constructed of 14-gauge steel to ensure that your possessions are safe and secure during storage.	Ang tagsa ka suludlan human man sa 14-gauge nga asero agud masiguro nga ang imo mga pagkabutang luwas kag malig-on sa tion sang pagtipig.
"""The wind rose, and from a fresh breeze it soon increased to a regular gale; that is to say, it acquired a speed of from forty to forty-five miles an hour, before which a ship in the open sea would have run under close-reefed topsails."""	"""Ang hangin nag-alsa, kag gikan sa isa ka preska nga huyop sang hangin ini gilayon nga nagdugang sa isa ka regular nga unos; buot silingon, ini nakaangkon sang kadasigon nga halin sa kap-atan tubtob kap-atan kag lima ka milya kada oras, antes sini ang isa ka barko sa bukas nga dagat magadalagan sa idalom sang malapit nga mga topsail."""
God gives salvation to those who repent and believe the gospel.	Ang Dios nagahatag sang kaluwasan sa mga nagahinulsol kag nagatuo sa ebanghelyo.
We support the recognition of German academic degree equivalency.	Ginasuportahan namon ang pagkilala sang katumbas sang akademiko nga degree sang Aleman.
"""Better than bombs, we can still contribute to such organizations as: CARE, Unicef, Doctors Without Borders or other groups that are trying to address what the World Health Organization has called the worst humanitarian crisis in the world today."""	"""Mas maayo pa sangsa mga bomba, makaamot gihapon kita sa mga organisasyon pareho sang: CARE, Unicef, Doctors Without Borders ukon iban pa nga mga grupo nga nagatinguha sa pagsabat sang ginatawag sang World Health Organization nga pinakamalain nga krisis sa katawhan sa kalibutan karon."""
"""Because the fact is that until you've solved the basic equation of day-to-day existence, you're not going to have the time, energy or opportunity to discover just what it means to Become Fully Human."""	"""Bangod ang kamatuoran amo nga tubtob nga masolbar mo ang panguna nga ekwasyon sang adlaw-adlaw nga pagluntad, wala ka sing tion, kusog ukon kahigayunan nga matukiban kon ano ang kahulugan sang Mangin Bug-os nga Tawo."""
Will do, thanks again.	Himuon, salamat liwat.
Covered Howe truss bridges were extremely common in Oregon at that time.	Ang mga taytay nga may tabon nga Howe tuman ka kinaandan sa Oregon sadto nga tion.
Furthermore, our next-door neighbours discussed the household budget.	Dugang pa, ginhambalan sang amon mga kaingod sa tupad balay ang badyet sang panimalay.
"""This course provides individuals with an introduction to principles of how fire works (Fire Tetrahaden), types (classes) of fire, how to extinguish fires, fire extinguisher inspection, regulations and fire codes."""	"""Ini nga kurso nagahatag sa mga indibidwal sang introduksyon sa mga prinsipyo kon paano ang sunog nagapanghikot (Fire Tetrahaden), mga sahi (klase) sang sunog, kon paano patyon ang mga sunog, pag-usisa sang fire extinguisher, mga pagsulundan kag mga pagsulundan sa sunog."""
In other words, a rights organisation prosecuted the settlement agreement.	Sa iban nga pulong, ang isa ka organisasyon sang mga kinamatarong nag-prosekusyon sang kasugtanan sa paghusay.
He/She raised chickens.	Nagpahina sia sang manok.
"""In this context, through the work of its faculty and the research of graduate students, the Department creates a forum for the newer forms of knowledge that comprehends and represents the South Asian context with a more authoritative and nuanced voice."""	"""Sa sini nga konteksto, paagi sa trabaho sang iya mga manunudlo kag sa pagpanalawsaw sang mga estudyante nga naggradwar, ang Departamento nagahimo sang isa ka forum para sa mas bag-o nga mga porma sang ihibalo nga nagahangop kag nagarepresentar sang konteksto sang Bagatnan nga Asya nga may mas awtoridad kag nuanced nga tingog."""
"""Ultimately, they show how TS could proceed in the future, that is, for example, identifying the anonymous translator, pointing out his/her conditions of work, highlighting what kind of background they come from; and building better connections with literary and linguistics scholars as well as moving outside national borders."""	"""Sa katapusan, ginapakita nila kon paano ang TS makapadayon sa palaabuton, nga amo, halimbawa, ang pagkilala sa wala ginhingadlan nga manugbadbad, ang pagtudlo sang iya mga kondisyon sa trabaho, ang pagpadaku kon ano nga sahi sang ginhalinan ang ila ginhalinan; kag ang pagtukod sang mas maayo nga mga koneksyon sa mga iskolar sa literatura kag lingguwistika subong man ang pagsaylo sa guwa sang mga dulunan sang pungsod."""
Participants discussed benefits from the establishment of national competent authorities for fishery sustainability certification and labelling.	Ginhambalan sang mga partisipante ang mga benepisyo gikan sa pagtukod sang mga pungsodnon nga may ikasarang nga mga awtoridad para sa sertipikasyon kag pagmarka sang pagpadayon sang pangisda.
"""Following the war, Aurora was placed in reserve and in 1920, the cruiser was transferred to the Royal Canadian Navy."""	"""Pagkatapos sang inaway, si Aurora ginbutang sa reserba kag sang 1920, ang cruiser ginsaylo sa Royal Canadian Navy."""
As technology advances, urban planners is likely to renovated a modular housing scheme using reclaimed and sustainable materials.	Samtang nagauswag ang teknolohiya, ang mga urban planners posible nga mag-renovate sang modular housing scheme gamit ang mga ginbawi kag mapadayonon nga mga materyales.
Other villages had better contacts and were able to bribe them off.	Ang iban nga mga minuro may mas maayo nga mga kontak kag nakasuhol sa ila.
One of the strongest sectors in the global economy has been the growth of smartphones.	Ang isa sa pinakamabaskog nga sektor sa pangkalibutanon nga ekonomiya amo ang pag-uswag sang mga smartphone.
NZORD recognised two rare disease researchers at the Queenstown Research Week Satellite on Rare Brain Diseases meeting last week.	Ginkilala sang NZORD ang duha ka mga manugpanalawsaw sang talagsahon nga mga balatian sa Queenstown Research Week Satellite on Rare Brain Diseases meeting sang nagligad nga semana.
Modern hearing aids are small marvels delivering exceptional sound quality and a wide range of features to help you better manage your hearing loss.	Ang moderno nga mga hearing aid magagmay nga mga katingalahan nga nagahatag sang tumalagsahon nga kalidad sang tunog kag madamo nga mga bahin sa pagbulig sa imo nga mas maayo nga madumala ang imo pagkadula sang palamatin-an.
Suffice it to say that we are the inheritors of a religious tradition that has affirmed the ideal of this ethical precept for thousands of years.	Igo na nga magsiling nga kita ang mga manunubli sang isa ka relihioso nga tradisyon nga nagpamatuod sang ideyal sining etikal nga pagsulundan sa sulod sang linibo ka tuig.
Art Poetry is also a web & mobile app that encourage people to express their feelings by creating their own poems.	Ang Art Poetry isa man ka web & mobile app nga naga-engganyo sa mga tawo nga ipahayag ang ila mga balatyagon paagi sa paghimo sang ila kaugalingon nga mga binalaybay.
"""Though it can be frail, finicky, and prone to tearing, their choice of medium is deliberate; they've claimed paper as a way of using an ordinary material to express themselves in unconventional ways."""	"""Bisan pa nga ini mahimo nga mahuyang, matig-a, kag madali maggisi, ang ila pagpili sang medium hungod; gin-angkon nila ang papel bilang isa ka paagi sa paggamit sang isa ka ordinaryo nga materyal sa pagpabutyag sang ila kaugalingon sa indi kinaandan nga mga paagi."""
The lessors-mortgagors of the building and the mortgagee were citizens of Missouri and mortgagee operated its principal place of business in that state.	Ang mga lessors-mortgagors sang tinukod kag ang mortgagee mga banwahanon sang Missouri kag ang mortgagee naga-operate sang iya panguna nga lugar sang negosyo sa sina nga estado.
The number of people living with both alcoholic cirrhosis and cirrhosis related to alcohol seem to be increasing.	Ang kadamuon sang mga tawo nga nagakabuhi nga may alkoholiko nga cirrhosis kag cirrhosis nga may kaangtanan sa alkohol daw nagadamo.
Earthjustice is involved in several lawsuits aimed at restoring the salmon and making the river more hospitable to them.| |Smog in the Nation's Capital||The Environmental Protection Agency has repeatedly approved inadequate plans to impove air quality in the nation's capital and Earthjustice has repeatedly filed suit to force the agency to obey the law.	Ang Earthjustice nadalahig sa pila ka mga kaso nga nagatuyo sa pagpanumbalik sang mga salmon kag paghimo sang suba nga mas maabiabihon sa ila.| |Smog sa Kapital sang Pungsod||Ang Environmental Protection Agency sulitsulit nga nag-aprubar sang indi nagakaigo nga mga plano sa pagpauswag sang kalidad sang hangin sa kapital sang pungsod kag ang Earthjustice sulitsulit nga nag-file sang kaso agud piliton ang ahensya nga magtuman sang kasuguan.
The program is notable among social work doctoral programs for the range and depth of its research foundation courses and electives.	Ang programa talalupangdon sa mga programa sa doktoral sa sosyal nga trabaho para sa kalaparon kag kadalumon sang iya mga kurso kag mga elective sa pundasyon sa pagpanalawsaw.
The World Health Organisation now classes sedentary behaviour in the top 10 leading causes of death worldwide.	Ang World Health Organization karon nagabutang sang wala nagahulag nga pagginawi sa 10 ka nagapanguna nga kabangdanan sang kamatayon sa bug-os nga kalibutan.
"""Is it sustainable, considering that it implies an intensive use of disposable plastic bags?"""	"""Mapadayonon bala ini, kon binagbinagon nga nagakahulugan ini sang masangkad nga paggamit sang mga plastic bag nga sarang magamit?"""
Over the weekend, the api opened the password.	Sang nagligad nga semana, ginbuksan sang api ang password.
It is the active work of seeing and hearing each other.	Amo ini ang aktibo nga hilikuton sang pagtan-aw kag pagpamati sa isa kag isa.
Treat yourself when you hit targets.	Tratuha ang imo kaugalingon kon maigo mo ang mga target.
"""The IoT involves many technologies, and many of these companies don't come to the party as experts in all of them."""	"""Ang IoT nagalakip sang madamo nga mga teknolohiya, kag madamo sa sini nga mga kompanya ang wala nagakadto sa partido bilang mga eksperto sa tanan sini."""
The soup I cooked for us while it's raining is really delicious.	Manamit gid ang gin-luto ko nga sopas para sa aton samtang naga-ulan.
I received your flower.	Ginbaton ko ang imo nga bulak.
Grandpa has a old umbrella.	May daan nga payong si Lolo.
Something worth mentioning is that the keynote speaker negotiated a difficult piece of feedback.	Ang isa ka butang nga takus sambiton amo nga ang panguna nga humalambal nag-negosyar sang isa ka mabudlay nga bahin sang feedback.
"""Once you buy a diamond, it depreciates by as much as 60%."""	"""Kon magbakal ka sang diamante, naganubo ini sang 60%."""
Exactly! Boundaries protect your capacity to contribute.	Insakto gid! Ang mga dulunan nagaamlig sang imo ikasarang sa pag-amot.
"""Through hands-on exercises, participants will have a chance to practice using some of these techniques and begin to develop their own appraisal strategies."""	"""Paagi sa mga hands-on exercises, ang mga partisipante may tsansa nga magpraktis gamit ang pila sining mga teknik kag magsugod sa paghimo sang ila kaugalingon nga mga estratehiya sa pagtimbangtimbang."""
What an extraordinary a collaborative EP with an emotionally resonant performance!	Daw ano ka tumalagsahon nga isa ka kolaboratibo nga EP nga may emosyonal nga pasundayag!
Closelysized water filtration sands are also produced from the sand making plant which is a regionally important resource of sand and gravel.	Ang malapit nga mga balas sa pagsala sang tubig ginahimo man gikan sa planta sa paghimo sang balas nga isa ka importante nga manggad sang balas kag graba sa rehiyon.
Forty-four states currently have some form of drug monitoring program in place.	Kap-atan kag apat ka mga estado ang may yara karon sang pila ka porma sang programa sa pagbantay sang droga.
Do different kinds of soil influence invertebrate biodiversity?	Ang nagkalainlain bala nga sahi sang duta nagaimpluwensya sa pagkananuhaytuhay sang mga invertebrate?
Agreed. Let's schedule the next session!	Nag-ugyon. Mag-iskedyul kita sang masunod nga sesyon!
"""Non-kosher animals are impure in that they do not respect separation between states/identities: Kristeva says in the interview: For example, there are animals that have elements, paws or other attributes, that are thought to be attributes of beings who inhabit the earth."""	"""Ang mga sapat nga indi kosher indi matinlo sa bagay nga wala nila ginatahod ang pagbulagay sa tunga sang mga estado/mga identidad: Si Kristeva nagsiling sa interbyu: Halimbawa, may mga sapat nga may mga elemento, mga kuko ukon iban pa nga mga kinaiya, nga ginakabig nga mga kinaiya sang mga tinuga nga nagapuyo sa duta."""
"""Rather than applying ice to a specific body part, a cryosauna is used for what they call Whole Body Cryotherapy."""	"""Sa baylo nga magbutang sang yelo sa isa ka partikular nga bahin sang lawas, ang cryosauna ginagamit para sa ginatawag nila nga Whole Body Cryotherapy."""
"""In the United States, the schools existed but operated unequally."""	"""Sa Estados Unidos, ang mga eskwelahan nagaluntad apang naga-operate sing indi patas."""
"""Whole milk has long been publicized as the most efficient way to get vitamin D. Vitamin D deficiency can put you at risk for many diseases including diabetes, heart disease, osteoporosis and chronic kidney disease."""	"""Ang bug-os nga gatas madugay na nga ginapahibalo bilang ang pinakamaayo nga paagi sa pagkuha sang bitamina D. Ang kakulang sang bitamina D mahimo nga magbutang sa imo sa katalagman para sa madamo nga mga balatian lakip ang diabetes, balatian sa tagipusuon, osteoporosis kag malala nga balatian sa bato."""
"""Coastal waters along eastern Australia were unseasonably cold, huge schools of baitfish (favorite prey for great white sharks) were observed close to the shoreline, and most of the attacks were by juvenile great white sharks."""	"""Ang mga tubig sa baybayon sa sidlangan nga Australia tuman katugnaw, ang dalagku nga mga eskwelahan sang mga baitfish (paborito nga biktima sang dalagku nga puti nga mga pating) naobserbahan malapit sa baybayon, kag ang kalabanan sang mga pag-atake ginhimo sang mga bata nga dalagku nga puti nga mga pating."""
We employ over 4000 people; a third of whom are engineers and scientists.	Naga-empleyo kami sang masobra 4000 ka tawo; ang ikatlo nga bahin sini mga enhinyero kag mga sientipiko.
This afternoon, you are at the farm.	Karon nga hapon, ara ikaw sa uma.
Written for a small Sunday School class of 5-6 students.	Ginsulat para sa isa ka gamay nga klase sang Sunday School nga may 5-6 ka estudyante.
Put simply, an online community searched a news article.	Sa simple nga hambal, ang isa ka online nga komunidad nagpangita sang isa ka artikulo sa balita.
Israeli radar airborne warning system was supposed to be installed on the aircraft.	Ang Israeli radar airborne warning system dapat ibutang sa eroplano.
For who has known the mind of the Lord so as to instruct him?	Kay sin-o bala ang nakahibalo sang hunahuna sang Ginoo nga makatudlo sa iya?
Despite the circumstances, a young fan jumped a personal best in front of a huge crowd.	Bisan pa sa mga sirkumstansya, ang isa ka lamharon nga fan naglumpat sang isa ka personal nga pinakamaayo sa atubang sang isa ka daku nga kadam-an.
"""If you can banish the ingrained associations of Latin letters from your mind, the Russian alphabet is easy to understand."""	"""Kon mahimo mo nga tabugon ang mga nakagamot nga mga asosasyon sang mga letra nga Latin gikan sa imo hunahuna, ang alpabeto sang Ruso mahapos hangpon."""
This important work by the Sports Company of Trinidad and Tobago is being replicated in communities across the country with the upgrade of recreation grounds and pavilions.	Ining importante nga hilikuton sang Sports Company sang Trinidad and Tobago ginakopya sa mga komunidad sa bug-os nga pungsod paagi sa pagpauswag sang mga duog nga kalingawan kag mga pavilion.
"""Therefore, the attempts to classify online services have created threats to both protected speech, as we saw in the case of CMU's newsgroup policy, and to minimal responsible controls in other cases."""	"""Gani, ang mga pagtinguha sa pagklasipikar sang mga serbisyo sa online nagtuga sang mga pamahog sa pareho nga protektado nga paghambal, subong sang nakita naton sa kaso sang polisiya sang newsgroup sang CMU, kag sa minimal nga responsable nga mga kontrol sa iban nga mga kaso."""
"""Overall, about 2.4 million Americans died in 2006."""	"""Sa kabilugan, mga 2.4 milyones ka mga Amerikano ang napatay sang 2006."""
"""Possessing a chronic situation that have an effect on a circulation, such as diabetes or HIV also enhances your danger."""	"""Ang pagkaangkon sang isa ka malala nga sitwasyon nga may epekto sa sirkulasyon, pareho sang diabetes ukon HIV nagapadugang man sang imo katalagman."""
Did you find this article helpful?	Nakabulig bala sa imo ini nga artikulo?
Does that mean high yield is in a bubble?	Nagakahulugan bala ina nga ang mataas nga patubas yara sa isa ka bula?
He extended a formal welcome to the visiting delegation in accordance with local custom, meanwhile the luxury brand analysed the consumer demand pattern behind a complex omnichannel customer journey.	Naghatag sia sang pormal nga pag-abiabi sa nagbisita nga delegasyon suno sa lokal nga kinabatasan, samtang ang luho nga tatak nag-analisar sang pattern sang demand sang konsumidor sa likod sang isa ka komplikado nga omnichannel nga pagpanglakaton sang kustomer.
And the whole is always more than the sum of its parts.	Kag ang kabug-usan mas labaw pa sa kabug-usan sang mga bahin sini.
"""We recognize the events of the past and hope to learn from them, but in Japan, a country with such a long and proud tradition, the events that changed national consciousness are more prevalent and earth shattering."""	"""Ginakilala namon ang mga hitabo sang nagligad kag nagalaum nga makatuon gikan sa ila, apang sa Japan, isa ka pungsod nga may malawig kag bugalon nga tradisyon, ang mga hitabo nga nagbag-o sang pungsodnon nga kaalam mas lapnag kag makakulugmat sa duta."""
"""Each group individually and collectively analysed every available manuscript (of which there are currently about 5,200 separate documents in the world) and created what is accepted as the most comprehensive Biblical document available."""	"""Ang tagsa ka grupo sing indibiduwal kag sing tingob nag-analisar sang tagsa ka matigayon nga manuskrito (nga may yara karon mga 5,200 ka separado nga mga dokumento sa kalibutan) kag naghimo sang kon ano ang ginabaton subong ang pinakakomprehensibo nga dokumento sa Biblia nga matigayon."""
This means clearly defining parameters such as expectations and impact.	Nagakahulugan ini sang maathag nga paghatag kahulugan sang mga parametro pareho sang mga ginapaabot kag epekto.
Summarize agreements.	Isumaryo ang mga kasugtanan.
"""Now 70 years old, Richter, who grew up in East Germany, experienced at firsthand the totalitarian conviction of both Nazism and Communism."""	"""Karon 70 anyos na, si Richter, nga nagdaku sa Sidlangan nga Alemanya, nakaeksperyensya mismo sang totalitarian nga kombiksyon sang Nazismo kag Komunismo."""
Is there a student discount available for this software?	May diskwento bala sa estudyante nga magamit para sa sini nga software?
"""In His sovereignty He is neither author nor approver of sin (Habakkuk 1:13; John 8:38 47), nor does He abridge the accountability of moral, intelligent creatures (1 Peter 1:17)."""	"""Sa Iya pagkasoberano indi Sia tagsulat ukon manug-ugyon sang sala (Habacuc 1:13; Juan 8:38 47), ukon ginapalip-ot Niya ang salabton sang moral, intelihente nga mga tinuga (1 Pedro 1:17)."""
Ever read a book that was so true and real you experienced the whole thing in your mind as you read?	Nakabasa ka na bala sang libro nga matuod kag matuodtuod nga naeksperiensiahan mo ang bug-os nga butang sa imo hunahuna samtang nagabasa ka?
Nevertheless, my friend parted ways with everyone before leaving the party.	Bisan pa, ang akon abyan nagbulagay sa tanan antes maghalin sa party.
Seest thou the accuracy of prophetical language?	Nakita mo bala ang pagkasibu sang matagnaon nga hambal?
"""The 20-year-old was taught from a young age to always respect his roots, and he is grateful to have had that kind of upbringing."""	"""Ang 20-anyos gintudluan halin sa lamharon nga edad nga tahuron pirme ang iya mga ginhalinan, kag nagapasalamat sia nga may amo sina nga sahi sang pagpadaku."""
"""Students also learned Williams worked seven-hour days wearing a 300-pound space suit, ate dehydrated food and exercised frequently to help prevent bone loss due to the lack of gravity."""	"""Nahibaluan man sang mga estudyante nga si Williams nagatrabaho sing pito ka oras kada adlaw nga nagasuksok sing 300-pound nga space suit, nagakaon sing dehydrated nga pagkaon kag masunson nga nagaehersisyo agod malikawan ang pagkadula sang tul-an bangod sang kakulang sing grabidad."""
Toin International Exchange Program Students interested in studying the Japanese language and culture have the opportunity to do so during the summer months.	Toin International Exchange Program Ang mga estudyante nga interesado sa pagtuon sang lenguahe kag kultura sang Hapon may kahigayunan nga himuon ini sa tion sang mga bulan sang tig-ilinit.
The streaming service shared a short clip, as long as they called out hello.	Ang streaming service nagpaambit sang malip-ot nga clip, basta nagtawag sila sang hello.
"""The present park was enclosed and the imposing mansion, Lodge, built toward the close of Queen Elizabeth's reign [The ornamental plaster ceiling on the first floor bears the date 1599] by John Roper, who had succeeded to this father's Lynsted property in 1559."""	"""Ang karon nga parke ginlikupan kag ang daku nga mansyon, Lodge, gintukod sa talipuspusan sang paghari ni Reyna Elizabeth [Ang dekorasyon nga kisame nga plaster sa una nga panalgan may petsa nga 1599] ni John Roper, nga nagbulos sa Lynsted nga propiedad sini nga amay sang 1559."""
Under the Work Health and Safety Act 2011 (WHS Act) persons conducting a business or undertaking (PCBU) have a primary duty to manage risks to health and safety by eliminating them as much as is reasonably practicable.	Sa idalom sang Work Health and Safety Act 2011 (WHS Act) ang mga tawo nga nagapatigayon sang isa ka negosyo ukon hilikuton (PCBU) may panguna nga katungdanan sa pagdumala sang mga risgo sa ikaayong lawas kag kaluwasan paagi sa pagdula sini tubtob sa makatarunganon nga mahimo.
It's an eye disease that causes damage to the retina.	Isa ini ka balatian sa mata nga nagahalit sa retina.
Clinical psychological studies have shown that increased self-care helps individuals suffering from negative rumination combat emotional exhaustion.	Ang mga pagtuon sa klinikal nga sikolohiya nagpakita nga ang dugang nga pag-atipan sa kaugalingon nagabulig sa mga indibidwal nga nagaantos sang negatibo nga paghunahuna sa pagpakig-away sa emosyonal nga kakapoy.
Renovation Pruning of neglected fruit trees that have been left for years and become dense and overgrown.	Pagkay-o Pag-utod sang mga napabay-an nga mga kahoy nga nagapamunga nga ginbayaan sa sulod sang mga tinuig kag nangin madamol kag nagtubo.
Scientists reduced the coral reef in partnership with local authorities.	Ginbuhinan sang mga sientipiko ang coral reef sa pagpakig-upod sa lokal nga mga awtoridad.
"""They want to know that the government is going to encourage them to provide something towards the cost of health insurance, of the cost of health."""	"""Luyag nila mahibaluan nga ang gobyerno maga-engganyo sa ila nga maghatag sang isa ka butang padulong sa gasto sang seguro sa ikaayong lawas, sang gasto sa ikaayong lawas."""
"""If it has the spatial tables, then you know it's a spatial personal geodatabase."""	"""Kon may ara ini sang mga spatial tables, nian nahibaluan mo nga ini isa ka spatial personal geodatabase."""
He/She became famous / their reputation warmed up.	Nag-init ang iya dungog.
A colleague once told me something that I have never forgotten. the interior designer built a small extension on a tight budget.	Isa ka bes may ginsugid sa akon ang akon kaupod sa trabaho nga wala ko gid malipatan. ang manugdesinyo sang sulod nagtukod sang isa ka gamay nga ekstensyon sa isa ka makitid nga badyet.
"""This paper focuses on the seminal work of Georg Cantor (1845-1918), a German mathematician well-known for his contributions to the foundations of set theory, but whose contributions to point-set topology are not very well known."""	"""Ini nga papel nagasentro sa seminal nga buluhaton ni Georg Cantor (1845-1918), isa ka Aleman nga matematiko nga kilala sa iya mga kontribusyon sa mga sadsaran sang teoriya sang set, apang ang iya mga kontribusyon sa topology sang point-set indi gid kilala."""
The kuratsa dance of the elders is beautiful.	Matahum ang kuratsa nga saot sang mga malatiko.
"""While the reasons for tattoos are as varied as the people who choose to get them, certain trends have been identified."""	"""Samtang ang mga rason sang mga tattoo pareho ka lainlain sa mga tawo nga nagapili sa pagkuha sini, ang pila ka mga uso nakilala."""
"""I would like to summarize here some of the evidence I have found as to why child abuse has been humanity's most powerful and most successful ritual, why it has been the cause of war and social violence, and why the eradication of child abuse and neglect is the most important social task we face today How does this all fit with other failures found in and through the adoption process?"""	"""Luyag ko nga isumaryo diri ang pila sang mga ebidensya nga akon nakita kon ngaa ang pag-abuso sa bata nangin pinakagamhanan kag pinakamadinalag-on nga ritwal sang katawhan, kon ngaa nangin kabangdanan ini sang inaway kag sosyal nga kasingki, kag kon ngaa ang pagdula sang pag-abuso kag pagpatumbaya sa bata amo ang pinakaimportante nga sosyal nga buluhaton nga aton ginaatubang karon Paano ini tanan nagakaigo sa iban pa nga mga kapaslawan nga nakita sa kag paagi sa proseso sang pag-adoptar?"""
"""When victims end an abusive relationship, the first thing we need is shelter."""	"""Kon ang mga biktima nagatapos sang isa ka abusado nga relasyon, ang una nga butang nga kinahanglan naton amo ang pasilungan."""
"""From tracking light rail schedules to pinpointing the right food cart for lunch, smartphone users have access to all sorts of local information right at their fingertips."""	"""Halin sa pagsubaybay sang mga iskedyul sang light rail tubtob sa pagtudlo sang husto nga kariton sang pagkaon para sa paniudto, ang mga nagagamit sang smartphone may access sa tanan nga sahi sang lokal nga impormasyon sa ila mga tudlo."""
Each cell within the network broadcasts data indicative of its routeing area (RAI) in addition to the data mentioned above indicative of the identity of its location area.	Ang tagsa ka cell sa sulod sang network nagapalayag sang datos nga nagapakita sang iya routeing area (RAI) dugang sa datos nga ginsambit sa ibabaw nga nagapakita sang identidad sang iya lokasyon nga lugar.
The stories in this book are inspired by traditional folktales referenced in back matter.	Ang mga sugilanon sa sini nga libro gin-inspirar sang tradisyonal nga mga sugilanon nga ginapatuhuyan sa back matter.
Such understanding may also illuminate the remarkable certainty that individuals express in their contrary interpretations of the same basic information.	Ina nga paghangop mahimo man mag-iwag sang talalupangdon nga kapat-uran nga ginapabutyag sang mga indibiduwal sa ila nagasumpakilay nga mga interpretasyon sang amo man nga sadsaran nga impormasyon.
"""More recently, the tragic fire at Grenfell Tower in London in 2017 proved a lightning rod for those who continue to suffer the impacts of social injustice."""	"""Sining karon lang, ang makahalanusbo nga sunog sa Grenfell Tower sa London sang 2017 nangin isa ka kilat para sa mga padayon nga nagaantos sang mga epekto sang inhustisya sosyal."""
Let us just stand at the market because he/she is fast.	Sa merkado lang kita matindog kay dasig sia.
The French had books on French cooking in the sixteen-fifties.	Ang mga Pranses may mga libro sa pagluto sang mga Pranses sang dekada singkwenta.
"""Other potential confounders might include the nature of the circumstances (for example, whether the shooting was an execution-style shooting), the general health of the victim(s), the type of location (for example, indoor or outdoor location), the distance between the shooter and intended victim(s), and the presence of multiple persons who could have been shot intentionally or accidentally (as bystanders)."""	"""Ang iban pa nga mga posible nga mga confounders mahimo maglakip sang kinaiya sang mga sirkumstansya (halimbawa, kon bala ang pagtiro isa ka pagtiro nga estilo sang pagpatay), ang pangkabilugan nga ikaayong lawas sang biktima (mga biktima), ang sahi sang lokasyon (halimbawa, sa sulod ukon sa guwa nga lokasyon), ang distansya sa tunga sang nagtiro kag sang gintuyo nga biktima (mga), kag ang presensya sang madamo nga mga tawo nga mahimo nga aksidente nga gintiro sa sulod ukon aksidente nga gintiro (subong nga nagatindog)."""
The magistrate ruled a document all the same the outcome was without any legal help.	Ang mahistrado nagmando sang isa ka dokumento nga pareho ang resulta nga wala sing bisan ano nga legal nga bulig.
CD4 nadir is a predictor of HIV neurocognitive impairment in the era of combination antiretroviral therapy.	Ang CD4 nadir isa ka prediktor sang HIV neurocognitive impairment sa panahon sang kombinasyon nga antiretroviral therapy.
It is interesting how an oral history project interrogated the archival silences surrounding the ideological construction of national identity in nineteenth-century Europe within the framework of comparative global history.	Makawiwili kon paano ang isa ka proyekto sa oral history nag-usisa sang mga kahipos sa archive nga nagapalibot sa ideolohiko nga pagtukod sang pungsodnon nga identidad sa ika-napulo'g siyam nga siglo nga Europa sa sulod sang gambalay sang pagkumparar sang pangkalibutanon nga maragtas.
"""As the bus stops to pick up passengers, power can be transferred to the battery with approximately 90 percent efficiency even if the pads are misaligned by as much as six inches."""	"""Samtang ang bus nagauntat sa pagkuha sang mga pasahero, ang gahum mahimo nga mabalhin sa baterya nga may ginabanta nga 90 porsyento nga kahusayan bisan pa nga ang mga pad wala naga-align sing tubtob sa anom ka pulgada."""
"""We own 4,000 MW of electricity on Long Island."""	"""Nagapanag-iya kami sang 4,000 MW nga kuryente sa Long Island."""
After some thought, the search engine moderated a long-form essay across multiple platforms.	Pagkatapos sang pila ka panghunahuna, ang search engine nag-moderate sang isa ka malawig nga essay sa madamo nga mga plataporma.
"""As you add rows to your spreadsheet, just copy the formula in E3 down."""	"""Samtang nagadugang ka sang mga laray sa imo spreadsheet, kopyaha lang ang pormula sa E3 sa idalom."""
You'll receive a confirmation email shortly.	Makabaton ka sang email sang kumpirmasyon sa indi madugay.
"""Evaluation / Assessment: Students will be evaluated on completion of the journal entry, participation in class discussions, creation of a character profile, and completion of a dialogue between two of the characters created in class."""	"""Evaluation / Assessment: Ang mga estudyante paga-evaluate sa pagtapos sang journal entry, pagpartisipar sa mga paghinun-anon sa klase, paghimo sang isa ka profile sang karakter, kag pagtapos sang isa ka dayalogo sa tunga sang duha sang mga karakter nga ginhimo sa klase."""
A 3G pitch is an artificial sport facility used for sport like football and rugby.	Ang 3G pitch isa ka artipisyal nga pasilidad sa isport nga ginagamit para sa isport pareho sang football kag rugby.
Interestingly enough, the caterer seasoned a three-course dinner.	Sing makawiwili, ang caterer nagtimpla sang tatlo ka kurso nga panihapon.
"""But while millions of people were lifted out of poverty, costs such as environmental degradation are high."""	"""Apang samtang minilyon ka mga tawo ang nakuha gikan sa kaimulon, ang mga gasto pareho sang pagkaguba sang palibot mataas."""
"""When the young first emerge from the nest, they are easy prey for hawks, weasels, bobcats, and coyotes."""	"""Kon ang mga piso una nga magguwa sa pugad, mahapos sila nga biktima sang mga hawk, weasel, bobcat, kag coyote."""
"""Statistically, this is fact."""	"""Sa estadistika, kamatuoran ini."""
"""Television advertising, incidentally, can be a serious obstacle to your preschooler's good nutrition."""	"""Ang pasayod sa telebisyon, sa pihak nga bahin, mahimo nga isa ka daku nga upang sa maayo nga nutrisyon sang imo preschooler."""
It's just basic economy of scale.	Ini ang panguna nga ekonomiya sang kadakuon.
A recent survey found that the teacher said a warm goodbye to their host after a wonderful evening with a heartfelt thank you for the hospitality.	Nasapwan sang isa ka surbe sining karon lang nga ang manunudlo nagsiling sing mainit nga paalam sa ila tagbalay pagkatapos sang isa ka matahom nga gab-i nga may tinagipusuon nga pagpasalamat sa pagkamaabiabihon.
"""One thing of which we can be certain is that fiction helps creative engineers to push the envelope, investing time and effort in making imagination a reality."""	"""Ang isa ka butang nga aton masiguro amo nga ang fiction nagabulig sa mga creative engineers sa pagduso sang sobre, nga nagapuhunan sang tion kag panikasog sa paghimo sang imahinasyon nga isa ka realidad."""
"""An uncontrolled power excursion occurs due to significantly altering a parameter that affects the neutron multiplication rate of a chain reaction (examples include ejecting a control rod or significantly altering the nuclear characteristics of the moderator, such as by rapid cooling)."""	"""Ang wala makontrol nga pagguwa sang gahum nagakatabo bangod sang daku nga pagbag-o sang isa ka parameter nga nagaapektar sa neutron multiplication rate sang isa ka chain reaction (ang mga halimbawa nagalakip sang pag-eject sang isa ka control rod ukon daku nga pagbag-o sang nukleyar nga mga kinaiya sang moderator, pareho sang madasig nga pagpabugnaw)."""
What are the two major types?	Ano ang duha ka mayor nga sahi?
"""To Apply for Scholarships Some scholarships are specifically awarded to students with exceptional community service experiences, and many use community service essays to help choose scholarship recipients."""	"""Sa Pag-aplay para sa mga Scholarship Ang iban nga mga scholarship partikular nga ginahatag sa mga estudyante nga may pinasahi nga mga eksperyensya sa pag-alagad sa komunidad, kag madamo ang nagagamit sang mga essay sa pag-alagad sa komunidad sa pagbulig sa pagpili sang mga makabaton sang scholarship."""
Piombo was one of Michelangelo's students and may have been the most sought after portraitist of his day.	Si Piombo isa sa mga estudyante ni Michelangelo kag mahimo nga amo ang pinakaginapangita nga portraitist sang iya panahon.
"""From towering sandstone cliffs to secluded sandy beaches, its underlying geology has created some fantastic photographic locations."""	"""Halin sa mataas nga mga pil-as nga sandstone pakadto sa naligwin nga mga baybayon nga may balas, ang iya idalom nga geolohiya nagtuga sang pila ka makahalawhaw nga mga lokasyon sa pagkuha sang litrato."""
A flashlight is very important if there is a power outage.	"Ang flashlight (Flashlight) importante gid kon may ""Brownout""."
It is important to avoid misdiagnosis of the disease because of its lasting effects.	Importante nga likawan ang sayop nga pagdayagnos sang balatian bangod sang nagadugay nga mga epekto sini.
This discovery pointed to an evasion mechanism that P. gingivalis employs to subvert innate immunity.	Ini nga pagtukib nagtudlo sa isa ka mekanismo sa paglikaw nga ginagamit sang P. gingivalis sa pagbaliskad sang kinaugali nga resistensya.
S/he will review the history of the mental health movement along with the determinants of positive mental health.	Repasuhon niya ang maragtas sang hublag sa ikaayong lawas sang hunahuna upod ang mga determinante sang positibo nga ikaayong lawas sang hunahuna.
It is sometimes claimed that medieval scholars such as Duns Scotus and Thomas Aquinas debated the question of how many angels can fit on the head of a pin or even the point of a needle.	Kon kaisa ginasiling nga ang mga iskolar sang Edad Media subong nanday Duns Scotus kag Thomas Aquinas nagbaisay tuhoy sa pamangkot kon pila ka anghel ang makaigo sa ulo sang isa ka pin ukon bisan sa punta sang isa ka dagom.
Select plants that grow well in the amount of shade provided in your landscape and keep the soil uniformly moist until winter.	Pilia ang mga tanum nga nagatubo sing maayo sa kadamuon sang landong nga ginahatag sa imo talan-awon kag huptan ang duta nga pareho nga basa tubtob sa tigtulugnaw.
"""Holistic rehabilitation takes into account the varied and complex needs of torture survivors to help them to regain full physical, emotional and psychological health."""	"""Ang holistic rehabilitation nagabinagbinag sang nagkalainlain kag komplikado nga mga kinahanglanon sang mga nakalampuwas sa pagpaantos agud buligan sila nga mabawi ang bug-os nga pisikal, emosyonal kag sikolohikal nga kapagros."""
In many cases, the peer reviewers confirmed the structure of a DNA molecule under carefully monitored conditions.	Sa madamo nga mga kaso, ang mga peer reviewer nagkumpirma sang istruktura sang isa ka molekula sang DNA sa idalom sang maid-id nga ginabantayan nga mga kondisyon.
His/Her clothes are beautiful.	Matahum ang iya bayo.
Re-examining the evidence, the forecast disrupted the outdoor event after a long dry spell.	Sa pag-usisa liwat sang ebidensya, ang forecast nagtublag sang hitabo sa guwa pagkatapos sang malawig nga tigpalamangag.
SOURCE International Development Research Centre	SOURCE International Development Research Center
My nose ached from the smell.	"Gin-palanakit (Sakit) sang akon ""Nose"" ang baho."
"""According to the National Indian Forest Resources Management Act and the National Environmental Protection Act, it must go through a formal review process."""	"""Suno sa National Indian Forest Resources Management Act kag National Environmental Protection Act, dapat ini mag-agi sa isa ka pormal nga proseso sang pagrepaso."""
It's so hot today!	Kainit gid subong!
After some thought, the hypothesis statistically corroborated the quantum entanglement properties of paired particles through a peer-reviewed double-blind randomised controlled trial.	Pagkatapos sang pila ka panghunahuna, ang hypothesis estadistikal nga nagpamatuod sang mga kinaiya sang quantum entanglement sang mga partikulo nga ginpares paagi sa isa ka peer-reviewed double-blind randomized controlled trial.
You would be surprised to learn that a social historian recorded the old photograph.	Makibot ka kon mahibaluan mo nga ginrekord sang isa ka sosyal nga istoryador ang daan nga retrato.
"""The Air Force's decision to purchase a souped-up version of the F-15 fighter jet will help the service meet its capacity and readiness goals through the year 2030, Air Force Secretary Heather Wilson said March 27."""	"""Ang desisyon sang Air Force nga magbakal sang isa ka souped-up nga bersyon sang F-15 fighter jet makabulig sa serbisyo nga matuman ang iya kapasidad kag mga katuyuan sa kahandaan tubtob sa tuig 2030, siling ni Air Force Secretary Heather Wilson sang Marso 27."""
They also hope to monitor the astronaut's performance to better understand how to allocate the day-to-day tasks of running a deep-space mission.	Nagalaum man sila nga mabantayan ang performance sang astronaut agud mas mahangpan kon paano i-allocate ang adlaw-adlaw nga mga hilikuton sa pagpadalagan sang isa ka deep-space mission.
"""Flexible Credit and Income Requirements USDA loans accept lower credit and higher debt ratios, providing an affordable loan option to lower-middle-income families that have stable employment, newly employed Kansas City residents, or even recent college graduates, so they can purchase their home in our great community."""	"""Flexible Credit and Income Requirements Ang mga pautang sang USDA nagabaton sang mas manubo nga credit kag mas mataas nga ratio sang utang, nga nagahatag sang isa ka barato nga kapilian sa pautang sa mga pamilya nga may manubo nga tungatunga nga kita nga may malig-on nga trabaho, bag-o nga nagatrabaho nga mga pumuluyo sang Kansas City, ukon bisan ang mga bag-o nga naggradwar sa kolehiyo, agud mabakal nila ang ila puluy-an sa aton daku nga komunidad."""
A sculptor collaborated a touring theatre production, triggering a chain of events that the city council presented the mixed-use development using reclaimed and sustainable materials.	Ang isa ka eskultor nagbuligay sa isa ka paglibot nga produksyon sa teatro, nga nagtuga sang isa ka kadena sang mga hitabo nga ang konseho sang siudad nagpresentar sang mixed-use development nga nagagamit sang mga ginbawi kag mapadayonon nga mga materyales.
"""The third mother ultimately takes a side, which reveals long hidden truths about the real reason they've chosen to home school, and the deeper, darker truths about how African Americans view themselves in the 21st century."""	"""Ang ikatlo nga iloy sa katapusan nagadampig, nga nagapakita sang madugay na nga natago nga mga kamatuoran nahanungod sa matuod nga rason nga ginpili nila ang pag-eskwela sa puluy-an, kag ang mas madalom, mas madulom nga mga kamatuoran nahanungod sa kon paano ginatamod sang mga Aprikano nga Amerikano ang ila kaugalingon sa ika-21 nga siglo."""
"""For instance, what good would the law against - a vote against - the law of gravity do?"""	"""Halimbawa, ano ang maayo nga mahimo sang kasuguan batok - isa ka boto batok - sa kasuguan sang grabidad?"""
Find quiet, comfortable space for practice.	Pangitaa ang malinong, komportable nga lugar para sa pag-ensayo.
Parish offers a PreK 1 grade level.	Ang parokya nagatanyag sang PreK 1 nga lebel sang grado.
Review your schedule each morning and evening.	Repasuha ang imo iskedyul kada aga kag gab-i.
How much is the fare to the city?	Pila ang plete pakadto sa syudad?
Today, the student will eat mango.	Subong, makaon si estudyante sang mangga.
It is interesting how the devops pipeline asynchronously synchronised the containerised deployment workflow with zero-downtime blue-green deployment.	Makawiwili kon paano ang devops pipeline asynchronously nag-synchronous sang containerized deployment workflow nga may zero-downtime blue-green deployment.
Because people actually are going to get health care insurance even if they can't afford it.	Bangod ang mga tawo sa pagkamatuod magakuha sing seguro sa pag-atipan sa panglawas bisan pa indi nila ini masarangan.
Thank you very much for this big feast.	Salamat gid sa sining dako nga handa.
"""In Sanskrit, a Vasana is an unconscious cause."""	"""Sa Sanskrit, ang Vasana isa ka wala ginahunahuna nga kabangdanan."""
"""Currently, Wisconsin is among the top five states in the nation when it comes to coal imports for energy, according to a study by the Union of Concerned Scientists."""	"""Sa karon, ang Wisconsin nalakip sa lima ka nagapanguna nga mga estado sa pungsod kon parte sa pag-import sang karbon para sa enerhiya, suno sa isa ka pagtuon sang Union of Concerned Scientists."""
The account in Mark draws on Isaiah and Jeremiah to portray what Jesus might have said.	Ang kasaysayan sa Marcos nagakuha sang ginsiling nanday Isaias kag Jeremias sa paglaragway kon ano ang mahimo nga ginsiling ni Jesus.
"""Earlier, photographers used natural sources and ready to use phases, reminiscent of waterfalls, hills and different natural scenic beauties."""	"""Sang una, ang mga potograpo nagagamit sang natural nga mga ginhalinan kag handa na nga gamiton nga mga hugna, nga nagapahanumdom sang mga busay, mga bungyod kag nagkalainlain nga natural nga mga katahum sang talan-awon."""
Throughout Europe there are 24 American cemeteries where our men and women are buried from World I and World War II.	Sa bug-os nga Europa may 24 ka mga sementeryo sang Amerika sa diin ang aton mga lalaki kag mga babayi ginlubong halin sang Kalibutanon I kag Inaway Kalibutanon II.
"""Launched in Sweden seven years ago and tested in Japan and the U.K., Macrolane is a NASHA (nonanimal stabilized hyaluronic acid, similar to what's naturally found in our bodies) gel made by Q-Med, the company that manufactures Restylane, the top-selling NASHA wrinkle filler in the U.S. Because clinical trials aren't scheduled to start in the States for a few years (Canadian approval is expected this year), Americans must travel to Europe or Asia to fill up."""	"""Ginlunsar sa Sweden pito ka tuig na ang nakaligad kag gintestingan sa Japan kag sa U.K., ang Macrolane isa ka NASHA (nonanimal stabilized hyaluronic acid, kaangay sang natural nga makita sa aton lawas) gel nga ginhimo sang Q-Med, ang kompanya nga nagahimo sang Restylane, ang pinakamabakal nga NASHA wrinkle filler sa U.S. natalana nga magsugod sa Estados Unidos sa pila ka tuig (ang pag-aprubar sang Canada ginapaabot sini nga tuig), ang mga Amerikano dapat magbiyahe sa Europa ukon Asya sa pagpuno."""
The first objective was to assess behavioral implications of participation in a municipal solid waste management program guided by participatory learning.	Ang una nga katuyuan amo ang pag-usisa sang mga implikasyon sa pamatasan sang partisipasyon sa isa ka programa sa pagdumala sang solido nga basura sang munisipyo nga ginatuytuyan sang pagtuon nga may partisipasyon.
Throw the trash in the correct bin.	I-haboy (Ihaboy) ang basura sa husto nga abuhan.
I'm feeling overwhelmed with deadlines.	Daw ginabug-atan ako sang mga deadline.
"""If the seal of Richmond's approval was placed on a plan formed in Canada, something more than the murder of Mr. Lincoln was intended."""	"""Kon ang selyo sang pag-ugyon ni Richmond ginbutang sa isa ka plano nga gintukod sa Canada, may butang nga labaw pa sa pagpatay kay G. Lincoln ang gintuyo."""
The intervention consisted of automatic reporting of estimated GFR by the hospital laboratory along with an educational intervention directed toward the primary care physicians.	Ang interbensyon nagalakip sang awtomatiko nga pagreport sang ginabanta nga GFR sang laboratoryo sang ospital upod ang isa ka edukasyonal nga interbensyon nga gintumod sa mga manugbulong sa panguna nga pag-atipan.
"""The French psychoanalyst Jacques Lacan, who played a central role in the development of psychoanalysis in France, devoted himself to revisiting the writings of Sigmund Freud in the light of the structuralist method, but also incorporated influences from fundamental ontology and the late work of mathematical topology, whose graph models he used for the representation of unconscious processes."""	"""Ang Pranses nga psychoanalyst nga si Jacques Lacan, nga may sentro nga papel sa pagpauswag sang psychoanalysis sa Pransya, nagdedikar sang iya kaugalingon sa pagbalik sa mga sinulatan ni Sigmund Freud sa kapawa sang structuralist nga pamaagi, apang naglakip man sang mga impluwensya gikan sa fundamental ontology kag sang ulihi nga buluhaton sang mathematical topology, nga ang mga modelo sang graph gingamit niya para sa mga representasyon sang unconcious nga mga proseso."""
If everything works as expected, the online retailer leveraged a dynamic pricing strategy for a sustainable supply chain with ethical sourcing standards, and the outcome tends to be more reliable.	Kon ang tanan nagatrabaho suno sa ginapaabot, ang online retailer naggamit sang isa ka dinamiko nga estratehiya sa pagpresyo para sa isa ka mapadayonon nga kadena sang suplay nga may mga sulundan sa pagkuha sang etika, kag ang resulta mas masaligan.
At that time it was a small gable-ended cottage without the current open porch and portico.	Sadto nga tion isa ini ka gamay nga gable-ended cottage nga wala sing karon nga bukas nga balkonahe kag portiko.
"""Dual contact pads of the gate allow current flow creating heat for on-chip annealing, which recovers interface states and bulk traps in the gate dielectric."""	"""Ang duha ka contact pad sang gate nagapahanugot sang pag-ilig sang kuryente nga nagahimo sang init para sa on-chip annealing, nga nagabawi sang mga estado sang interface kag mga bulk trap sa gate dielectric."""
Do unification processes become reality?	Ang mga proseso bala sang paghiusa nangin realidad?
In much the same way as before, the online community coordinated a co-op campaign during the global launch event.	Sa pareho nga paagi sang una, ang online nga komunidad nag-koordinar sang isa ka kampanya sang kooperatiba sa tion sang pangkalibutanon nga paglunsar nga kahiwatan.
Who was your seatmate earlier?	Sin-o ang imo tupad sa pulungkuan kagina?
"""The average daily liquid production in February was: 1 441 000 barrels of oil, 286 000 barrels of NGL and 61 000 barrels of condensate."""	"""Ang average nga adlaw-adlaw nga produksyon sang likido sang Pebrero amo ang: 1 441 000 ka bariles sang langis, 286 000 ka bariles sang NGL kag 61 000 ka bariles sang condensate."""
"""How durable the motor for each drill is - we run drills through over 2000 cycles of drilling, resting and screwdriving."""	"""Kon daw ano ka malig-on ang motor para sa tagsa ka drill - ginapadalagan namon ang mga drill sa kapin sa 2000 ka siklo sang pag-drill, pagpahuway kag pag-screwdrive."""
Not so long ago, the caterer garnished a slow-roasted lamb dish.	Wala pa lang madugay, ang caterer nag-adorno sang mahinay nga sinugba nga putahe sang kordero.
A landmark study has found that our relatives visited the picnic for the first time in months.	Ang isa ka talalupangdon nga pagtuon nakasapo nga ang amon mga himata nagbisita sa piknik sa una nga tion sa sulod sang mga binulan.
Without hesitation, a first-time buyer asked a book at the local market.	Wala sing pagpangalag-ag, ang isa ka una nga manugbakal nangayo sing libro sa lokal nga merkado.
"""The range of approaches to electronic music was striking, which I guess is to be expected when one considers the different times and places that the music came from."""	"""Ang sahi sang mga pamaagi sa elektroniko nga musika makahalawathawat, nga sa banta ko dapat paabuton kon ang isa nagabinagbinag sang nagkalainlain nga mga tion kag mga duog nga ginhalinan sang musika."""
"""As can be seen from the output in Figure 5, gprof can help locate hot spots at function granularity."""	"""Subong sang makita gikan sa output sa Figure 5, ang gprof makabulig sa pagpangita sang mga hot spot sa function granularity."""
Just 31 percent say the war in Afghanistan is going well.	31 porsyento lang ang nagasiling nga ang inaway sa Afghanistan nagalakat sing maayo.
They were keen to understand the issues involved in developing a brownfield site - its advantages and challenges.	Luyag nila nga mahangpan ang mga isyu nga nadalahig sa pagpauswag sang isa ka brownfield site - ang mga bentaha kag mga hangkat sini.
"""If administrators take that approach of focusing on what's best for students, it could influence so many different aspects of the institution."""	"""Kon ang mga administrador maghimo sina nga pamaagi sa pagtutok sa kon ano ang pinakamaayo para sa mga estudyante, mahimo ini makaimpluwensya sa madamo nga nagkalainlain nga aspeto sang institusyon."""
"""Additional Y-chromosomal evidence suggests the hypothesis that the spread of Khoe small-stock pastoralism resulted from a population diffusion from eastern to southern Africa approximately two thousand years ago.28 Using a study of distinctive lactase persistence (LP) alleles that would allow for the digestion of milk into adulthood, Macholdt et al."""	"""Ang dugang nga ebidensya sang Y-chromosomal nagapakita sang hypothesis nga ang paglapnag sang Khoe small-stock pastoralism resulta sang paglapnag sang populasyon halin sa sidlangan pakadto sa bagatnan nga Aprika mga duha ka libo ka tuig na ang nagligad.28 Gamit ang pagtuon sang pinasahi nga lactase persistence (LP) alleles nga magatugot sa pagtunaw sang gatas sa pagkahamtong, Machold et al."""
Let us ask the guard where we can park our car safely before going inside the mall.	Mangkot ta anay sa guard kung diin ta pwede maka park sang sakyanan nga safe antes ta mag sulod sa mall.
The cooked rice is good.	Maayo ang Kan-on.
On most days, the theatre company staged a series of mixed-media works.	Sa kalabanan nga mga adlaw, ang kompanya sang teatro nag-ensayo sang serye sang mga obra nga may mixed-media.
"""Some 65 percent of Americans say they have fun less than half of the day, and 58 percent think they are limited in their ability to have fun."""	"""Mga 65 porsyento sang mga Amerikano ang nagasiling nga nagalingawlingaw sila sing kubos sa katunga sang adlaw, kag 58 porsyento ang nagahunahuna nga limitado ang ila ikasarang sa paglingawlingaw."""
That its capability cannot be theoretically bounded - that's why I term it an information-theoretic black hole - out of respect for its astrophysics equation analogs.	Nga ang ikasarang sini indi mahimo nga limitado sa teoretikal - amo ina kon ngaa ginatawag ko ini nga isa ka itom nga buho sa teoriya sang impormasyon - bangod sang pagtahod sa mga analogo sini sa ekwasyon sa astropisika.
How can you test to see if someone is a god?	Paano mo matilawan kon ang isa ka tawo isa ka dios?
Do you know what graphene is?	Nahibaluan mo bala kon ano ang graphene?
"""Abdominal area is usually the problematic part of the body, even for the most slender people."""	"""Ang abdominal area amo ang masami nga problemado nga bahin sang lawas, bisan para sa pinakamaniwang nga mga tawo."""
Economic outlook for specific countries and regions are highlighted and the effect of trade agreements can be seen over time.	Ang panan-awan sa ekonomiya para sa partikular nga mga pungsod kag mga rehiyon ginapadaku kag ang epekto sang mga kasugtanan sa negosyo makita sa pagligad sang panahon.
If current trends continue, my little sister is likely to discussed a tough conversation during the school holidays.	Kon ang mga uso karon magpadayon, ang akon gamay nga utod nga babayi mahimo nga maghambalanay sang isa ka mabudlay nga paghambalanay sa tion sang bakasyon sa eskwelahan.
"""This versatile cord was even used by astronauts during STS-82, the second Space Shuttle mission to repair the Hubble Space Telescope."""	"""Ini nga madamo sing mahimo nga higot gingamit pa gani sang mga astronaut sa tion sang STS-82, ang ikaduha nga misyon sang Space Shuttle sa pagkay-o sang Hubble Space Telescope."""
"""Based on recent information coming from REEF's work in the Bahamas, the Council expressed great concern over the impending spread to the US Caribbean and beyond and what might be done to best address the invasion."""	"""Base sa bag-o nga impormasyon nga naghalin sa trabaho sang REEF sa Bahamas, ang Konseho nagpabutyag sang daku nga kabalaka sa nagahilapit nga paglapta sa US Caribbean kag sa pihak kag kon ano ang mahimo nga himuon agud masabat ang pagsalakay."""
This is to ensure that others cannot access your personal information and correspondence if you share a computer with someone else or are using a computer in a public place.	Ini agud masiguro nga indi ma-access sang iban ang imo personal nga impormasyon kag sulat kon naga-share ka sang computer sa iban ukon nagagamit sang computer sa publiko nga lugar.
It seems like a stranger waved good evening.	Daw isa ka estranghero ang nag-wave sang maayong gab-i.
"""If you remember back to your first science classes, replication is a key part of the scientific method!"""	"""Kon madumduman mo ang imo una nga mga klase sa siyensya, ang pagkopya isa ka yabi nga bahin sang siyentipiko nga pamaagi!"""
Our program offers: - A year long path to teacher certification.	Ang amon programa nagatanyag sang: - Isa ka tuig nga dalan padulong sa sertipikasyon sang manunudlo.
"""If the rest of the world had adopted these naming patterns, we would have minimized the moral vices that are prevalent in our society."""	"""Kon ang iban nga bahin sang kalibutan nag-adoptar sining mga sulundan sa paghingalan, mahimo naton nga ginpagamay ang mga bisyo sa moral nga lapnag sa aton katilingban."""
"""Or are we here, too, the exception among all Earth-like planets, perhaps because Earth with its iron core is the only planet in the inner Solar system sufficiently large and rotating fast enough to generate a significant magnetosphere?"""	"""Ukon yari man bala kita, ang eksepsiyon sa tanan nga mga planeta nga kaangay sang Duta, ayhan bangod ang Duta nga may salsalon nga utok amo lamang ang planeta sa nasulod nga sistema Solar nga bastante kadaku kag nagatuyok sing madasig agod makahimo sing isa ka makahulugan nga magnetosphere?"""
"""It requires them to design a compass rose, map key, map symbols, scale, and title."""	"""Kinahanglan nila nga magdesinyo sang isa ka kompas nga rosas, yabi sang mapa, mga simbolo sang mapa, timbangan, kag titulo."""
It has been fascinating to observe and record the differences between the plants that have grown.	Makawiwili gid nga tan-awon kag irekord ang mga kinatuhayan sa ulot sang mga tanom nga nagtubo.
Every surface in the room seemed to absorb the low winter light. she formally apologised for the incredibly thoughtful surprise making sure it would not happen again.	Ang tagsa ka ibabaw sa kwarto daw nagasuyop sang manubo nga kasanag sang tigtulugnaw. pormal sia nga nangayo sing pasaylo sa tuman ka mahunahunaon nga sorpresa nga nagapat-od nga indi na ini matabo liwat.
Respect your peers.	Respetuha ang inyo mga kaupod.
Towards the end of the month, the paramedic reviewed the treatment plan.	Sang nagahingapos na ang bulan, ginrepaso sang paramediko ang plano sa pagbulong.
New data has shed light on transport planners modelled the modal shift implications of the demand modelling for a new mass rapid transit corridor drawing on agent-based transport demand models.	Ang bag-o nga datos naghatag sang kasanag sa mga nagaplano sang transportasyon nga nagmodelo sang mga implikasyon sang modal shift sang pagmodelo sang demand para sa isa ka bag-o nga mass rapid transit corridor nga nagadrowing sa mga modelo sang demand sang transportasyon nga nakabase sa ahente.
"""It is clear that the European Commission and EU member states never really believed in 'relocation', a measure intended to 'relieve' frontline countries (Greece and Italy) and prevent the hotspots from becoming lasting sites for the banishing of 'undesirables'."""	"""Maathag nga ang European Commission kag ang mga estado nga katapo sang EU wala gid nagapati sa 'relokasyon', isa ka tikang nga gintuyo sa 'pagpaumpaw' sa mga pungsod sa unahan (Greece kag Italya) kag punggan ang mga hotspot nga mangin mapinadayunon nga mga duog para sa pagtabog sang 'indi luyag'."""
One trick for determining which color which shape should be is to identify the angle of the top of that shape.	Ang isa ka limbong sa pagdeterminar kon ano nga kolor ang dapat nga korte amo ang pagkilala sang anggulo sang ibabaw sang sina nga korte.
Determine which of the available modulation frequencies is least likely to be shared by a strong local radio signal and set it on the hideaway box before you mount the unit (on some models you can change this setting on the fly).	Hibalua kon diin sa mga magamit nga mga frequency sang modulasyon ang indi tanto ka posible nga mapaambit sang isa ka mabaskog nga lokal nga signal sang radyo kag ibutang ini sa hideaway box antes mo i-mount ang yunit (sa pila ka mga modelo mahimo mo mabag-o ini nga setting sa paglupad).
The distant sound of traffic faded as they stepped inside. the interior designer visited the school building in the city centre.	Ang malayo nga tunog sang trapiko nag-untat samtang nagasulod sila. ang interior designer nagbisita sa bilding sa eskwelahan sa sentro sa siyudad.
Repeat with each ball of dough.	Balika ang matag bola sa minasa.
"""A system of hypothalamic and limbic forebrain neurons with sex hormone receptors, discovered in rodents, was later found to be present in species ranging from fish through primates."""	"""Ang isa ka sistema sang hypothalamic kag limbic forebrain neurons nga may mga receptor sang sex hormone, nga natukiban sa mga rodent, natukiban sang ulihi nga yara sa mga espesyi halin sa isda tubtob sa mga primate."""
Most large banks and almost all credit unions have secured credit cards available to their customers.	Ang kalabanan nga dalagku nga mga bangko kag halos tanan nga mga credit union may yara sang mga credit card nga magamit sang ila mga kustomer.
In comparison to the old method, the government monitored the local ecosystem using satellite data.	Kon ipaanggid sa daan nga pamaagi, ginbantayan sang gobyerno ang lokal nga ekosistema gamit ang datos sang satelayt.
"""One small study found no statistically difference between individualised homeopathy and usual care (defined as high doses of dicyclomine hydrochloride, faecal bulking agents and diet sheets advising a high fibre diet)."""	"""Ang isa ka gamay nga pagtuon wala sing nakita nga kinatuhayan sa estadistika sa tunga sang indibidwal nga homeopathy kag kinaandan nga pag-atipan (nga ginhatagan kahulugan subong mataas nga dosis sang dicyclomine hydrochloride, mga ahente sa pagdaku sang higko kag mga papel sa pagkaon nga nagalaygay sang mataas nga fiber nga pagkaon)."""
A large rock dam is located along the most northern part of the lake.	Ang isa ka daku nga dam nga bato nahamtang sa pinakanaaminhan nga bahin sang linaw.
"""This Article describes the role of communication exercises in transactional law and skills education, and provides several examples of such exercises."""	"""Ini nga Artikulo nagalaragway sang papel sang mga ehersisyo sa komunikasyon sa transaksyonal nga kasuguan kag edukasyon sa mga ikasarang, kag nagahatag sang pila ka mga halimbawa sang amo nga mga ehersisyo."""
The intent of this essay is to focus discussion on these new systems by bringing them into the light of day.	Ang katuyuan sini nga essay amo ang pagsentro sang paghinun-anon sa sining bag-o nga mga sistema paagi sa pagdala sini sa kapawa sang adlaw.
"""Last June, the FDA released their draft guidance, The Judicious Use of Medically Important Antimicrobial Drugs in Food-Producing Animals."""	"""Sang nagligad nga Hunyo, ang FDA nagpaguwa sang ila draft nga giya, Ang Matarunganon nga Paggamit sang Importante nga mga Bulong nga Antimicrobial sa Medisina sa mga Hayop nga Nagapatubas sang Pagkaon."""
"""Over time, your body absorbs the gas bubble."""	"""Sa pagligad sang panahon, ginasuyop sang imo lawas ang bula sang gas."""
"""Consider the following ideas to incorporate new and innovative design, technology and eco-friendly products into your bath this winter season."""	"""Binagbinaga ang masunod nga mga ideya sa paglakip sang bag-o kag makabag-o nga desinyo, teknolohiya kag mga produkto nga eco-friendly sa imo paliguan sini nga tigtulugnaw."""
"""A SLP may recommend use of augmentative or alternative communication devices and techniques, which can be as simple as a word/picture board, or more complex, such as an electronic device that speaks for you."""	"""Ang isa ka SLP mahimo magrekomendar sang paggamit sang mga augmentative ukon alternatibo nga mga gamit kag mga teknik sa komunikasyon, nga mahimo nga simple pareho sang isa ka word/picture board, ukon mas komplikado, pareho sang isa ka elektroniko nga gamit nga nagahambal para sa imo."""
Java Development Kit or JDK is responsbile for compiling Java application into runnable code.	Ang Java Development Kit ukon JDK amo ang responsable sa pagtipon sang Java application sa runnable code.
"""For the third session of Elastic Nature, held on All Hallows Eve, we will be exploring the legacy of Frankenstein - a 200-years-young piece of literature that grows all the more relevant as science and technology pro/digresses."""	"""Para sa ikatlo nga sesyon sang Elastic Nature, nga ginhiwat sa All Hallows Eve, aton usisaon ang legasiya ni Frankenstein - isa ka 200-ka-tuig-nga-bata nga literatura nga nagatubo nga labi ka may kaangtanan samtang ang siyensya kag teknolohiya nagauswag."""
"""But Babinski, who introduced the term in 1914, applied it only to patients with hemiplegia who fail to acknowledge their paralysis."""	"""Apang si Babinski, nga nagpakilala sang termino sang 1914, nag-aplikar lamang sini sa mga pasyente nga may hemiplegia nga wala nagakilala sang ila pagkaparalisado."""
Without hesitation, we mentioned the summer heat at the bus stop.	Wala sing pagpangalag-ag, ginsambit namon ang init sang tig-ilinit sa paradahan sang bus.
After some thought, the fleet manager optimised the network capacity of the demand modelling for a new mass rapid transit corridor drawing on agent-based transport demand models.	Pagkatapos sang pila ka panghunahuna, gin-optimize sang fleet manager ang kapasidad sang network sang demand modeling para sa isa ka bag-o nga mass rapid transit corridor nga nagadrowing sa mga modelo sang demand sang transportasyon nga nakabase sa ahente.
The base is one of seven which housed American Air Force units during the Vietnam War.	Ang base isa sa pito nga ginpuy-an sang mga yunit sang American Air Force sa tion sang Inaway sa Vietnam.
Beaded siding was developed to provide even more dramatic shadow lines; it features a rounded bead at the bottom of a single clapboard course.	Ang beaded siding ginhimo agud makahatag sang mas dramatiko nga mga linya sang landong; nagapakita ini sang isa ka bilog nga bead sa idalom sang isa ka clapboard nga kurso.
My eyes seem to ache from constantly reading books.	Daw sa naga-palanakit ang akon mata sa sige basa sang libro.
Similar to what we saw before, thick fog intensified the coastal areas bringing welcome relief.	Pareho sa aton nakita sang una, ang madamol nga gabon nagpabaskog sang mga duog sa baybayon nga nagdala sing maayo nga paumpaw.
Lesson 4: Do big data for increasing business value; don't do technology purely for technology purpose.	Leksyon 4: Maghimo sang dalagku nga datos para sa pagpataas sang balor sang negosyo; indi paghimua ang teknolohiya para lang sa katuyuan sang teknolohiya.
In a power outage the device can operate in a standby mode with a typical current consumption of 1.1uA with the real-time-clock active.	Sa isa ka pag-untat sang kuryente ang device mahimo mag-operate sa isa ka standby mode nga may kinaandan nga pagkonsumo sang kuryente nga 1.1uA nga ang real-time-clock aktibo.
"""In response, Manning leaped to the defense of language - which, he claimed, is crucial to general intelligence, because language is the conduit by which individual intelligence is shared and transformed into societal intelligence!"""	"""Bilang sabat, si Manning naglukso sa pagdepensa sang lenguahe - nga, suno sa iya, importante sa pangkabilugan nga intelihensya, bangud ang lenguahe amo ang alagyan nga ang indibidwal nga intelihensya ginapaambit kag ginabag-o sa intelihensya sang katilingban!"""
"""As the popularity of coffee grew, the first cafes appeared in the Near East, first in Persia and Egypt, and then in Turkey."""	"""Samtang nagadamo ang popularidad sang kape, ang una nga mga kapehan nagtuhaw sa Malapit nga Sidlangan, una sa Persia kag Egipto, kag dayon sa Turkey."""
My love is careful now.	Masinadyahon si palangga ko subong.
"""The researchers examined thinking skills, mood and the physical symptoms of depression."""	"""Gin-usisa sang mga manugpanalawsaw ang mga ikasarang sa panghunahuna, panimuot kag ang pisikal nga mga sintoma sang depresyon."""
What if the only way forward was the one that felt the most uncertain?	Ano abi kon ang lamang nga paagi padulong sa unahan amo ang isa nga nagabatyag sing labing walay kapat-uran?
Locals believe that the fires are deliberately set in order to cover the tracks of illegal logging.	Nagapati ang mga lokal nga hungod nga ginasindihan ang mga sunog agud matabunan ang mga agi sang illegal logging.
"""Interaction with tropical cyclones When a tropical cyclone crosses the subtropical ridge axis, normally through a break in the high-pressure area caused by a system traversing the Westerlies, its general track around the high-pressure area is deflected significantly by winds moving towards the general low-pressure area to its north."""	"""Pag-angot sa tropikal nga mga bagyo Kon ang isa ka tropikal nga bagyo nagatabok sa subtropikal nga ridge axis, sa kinaandan paagi sa pag-utod sa mataas nga presyon nga lugar nga gintuga sang isa ka sistema nga nagaagi sa Westerlies, ang iya pangkabilugan nga banas sa palibot sang mataas nga presyon nga lugar ginaliso sing daku sang mga hangin nga nagahulag pakadto sa pangkabilugan nga manubo nga presyon nga lugar sa aminhan sini."""
It is a moral or ethical concept which involves perception of what is right.	Isa ini ka moral ukon etikal nga konsepto nga nagalakip sang paghangop kon ano ang husto.
Use new words in sentences to deepen retention.	Gamita ang bag-o nga mga tinaga sa mga dinalan sa pagpadalom sang paghupot.
"""E-learning platform covers levels A1-A2, B1, B2 and C1 and complies to the Common European Framework of Language Reference."""	"""Ang e-learning platform nagasakop sang lebel A1-A2, B1, B2 kag C1 kag nagasunod sa Common European Framework of Language Reference."""
The findings are consistent with the proposition that the cost of writing and monitoring contracts may be an important consideration in municipal service delivery approach and that bureaucratic supply may not be as inefficient as some previous studies indicate.	Ang mga natukiban nagahisanto sa proposisyon nga ang gasto sa pagsulat kag pagbantay sang mga kontrata mahimo nga isa ka importante nga konsiderasyon sa pamaagi sa paghatag sang serbisyo sa munisipyo kag nga ang suplay sang burukrasya mahimo nga indi subong ka indi epektibo subong sang ginapakita sang pila ka mga nauna nga pagtuon.
"""Produced from the fruit of the Argan tree (argania spinosa), which grows wild in the south-west area of Morocco."""	"""Ginahimo gikan sa bunga sang kahoy nga Argan (argania spinosa), nga nagatubo sing ihalas sa bagatnan-nakatundan nga bahin sang Morocco."""
The market was where Pedro bought fish. (locative focus)	Ginbaklaran ni Pedro sang isda ang merkado.
"""The bodies of his victims, it was said, were buried on the river bank."""	"""Ang mga bangkay sang iya mga biktima, siling nila, ginlubong sa pangpang sang suba."""
All University halls of residence have full wireless (WIFI) internet access.	Ang tanan nga mga hall sang puluy-an sang Unibersidad may yara sang bug-os nga wireless (WIFI) nga access sa internet.
Quite remarkably, a deal hunter refunded a high-quality kitchen appliance.	Sing makatilingala, ang isa ka manugpangita sang deal nag-refund sang isa ka de-kalidad nga gamit sa kusina.
What's the protocol if I lose my room key?	Ano ang protocol kon madula ang yabi sang akon kwarto?
Higher magnification scopes are designed to see at long distances where binocular will not see.	Ang mas mataas nga mga scope sang pagpadaku gindesinyo sa pagtan-aw sa malayo nga mga distansya sa diin ang binocular indi makakita.
"""The budget, which can be found on the city's website, provides detailed information on the revenue and expenses for each fund."""	"""Ang budget, nga makita sa website sang syudad, nagahatag sang detalyado nga impormasyon sa kita kag gasto para sa tagsa ka pundo."""
That's the scientific name for this particular species of dinosaur.	Amo ina ang siyentipiko nga ngalan para sa sini nga partikular nga sahi sang dinosaur.
There's a repetition of voice and rhythm that engenders this effect.	May pagsulit sang tingog kag ritmo nga nagapatubas sini nga epekto.
How many hours is our shift today?	"Pila ka oras (Hours) ang aton ""Shift"" subong nga adlaw?"
Furthermore, school governors developed an evidence-based framework for the socioeconomic determinants of educational attainment gaps.	Dugang pa, ang mga gobernador sang eskwelahan naghimo sang isa ka gambalay nga nakabase sa ebidensya para sa mga sosyo-ekonomiko nga mga determinante sang mga kal-ang sa edukasyon.
"""Since piano lessons are a long-term commitment, students can be assured that The Conservatory's high standards of instruction will remain constant."""	"""Bangod ang mga leksyon sa piano isa ka malawig nga pangako, ang mga estudyante makasalig nga ang mataas nga mga talaksan sang instruksyon sang The Conservatory magapabilin nga wala nagabag-o."""
"""Stabilizing families is the cornerstone of healthy, economically viable and safe communities."""	"""Ang pag-establisar sang mga pamilya amo ang pundasyon sang mapagros, mapuslanon sa ekonomiya kag luwas nga mga komunidad."""
The teacher-child role is rich with problem-solving and has much more to do with interacting about the work of the child and less to do about the child's level of performance on academic tasks.	Ang papel sang manunudlo-bata bugana sa paglubad sang problema kag may madamo pa nga kaangtanan sa pagpakig-angot nahanungod sa trabaho sang bata kag indi tanto nga himuon nahanungod sa lebel sang performance sang bata sa mga buluhaton sa akademiko.
"""Typically as we age, our number of mitochondria declines and results in a loss of endurance and energy production."""	"""Sa kinaandan samtang nagatigulang kita, ang aton kadamuon sang mitochondria naganubo kag nagaresulta sa pagkadula sang pagbatas kag paghimo sang enerhiya."""
The hotel staff packed the beach for the first time.	Ang mga tinawo sang hotel nagpuno sang baybayon sa una nga tion.
"""In the U.K., the Financial Conduct Authority (FCA) has been extensively involved in fintech through the development of a regulatory fintech sandbox."""	"""Sa U.K., ang Financial Conduct Authority (FCA) nangin malapad nga nadalahig sa fintech paagi sa paghimo sang isa ka regulatory fintech sandbox."""
Parents recently changed the new curriculum with the school's support.	Bag-o lang ginbag-o sang mga ginikanan ang bag-o nga kurikulum sa suporta sang eskwelahan.
It actually came from in the turn of the century and can be associated with some thing typical of the British countryside.	Naghalin gid ini sa pagbag-o sang siglo kag mahimo nga may kaangtanan sa pila ka butang nga kinaandan sa kaumhan sang Britanya.
When the time is right, heavy rainfall settled the coastal areas, and everything else tends to fall into place naturally.	Kon ang tion nagakaigo, ang mabaskog nga ulan nag-istar sa mga duog sa baybayon, kag ang tanan nga iban pa masami nga nagakahulog sa lugar sing kinaugali.
Her research helped pave the way for the findings of the present study.	Ang iya panalawsaw nakabulig sa pagbukas sang dalan para sa mga natukiban sang karon nga pagtuon.
It is interesting how the weather swept through the coastal areas across several regions simultaneously.	Makawiwili kon paano ang panahon nag-agi sa mga duog sa baybayon sa pila ka rehiyon sing dungan.
There is no father in the living room.	Wala sing amay sa sala.
"""The condition of equilibrium can be illustrated by imagining two large fish tanks, connected by a channel (Figure 4-1)."""	"""Ang kondisyon sang balanse mahimo mailustrar paagi sa paghanduraw sang duha ka dalagku nga mga tangke sang isda, nga ginaangot sang isa ka kanal (Figure 4-1)."""
"""It might also be true that different reasons could have been found in order to initiate the Great War, but the fact that Europ."""	"""Mahimo man nga matuod nga lainlain nga mga rason ang mahimo nga makita agod masugdan ang Daku nga Inaway, apang ang kamatuoran nga ang Europa."""
"""FUF's online photo gallery documents people working together to create a larger, healthier urban forest."""	"""Ang online photo gallery sang FUF nagadokumento sang mga tawo nga nagabuligay sa paghimo sang mas daku, mas mapagros nga kagulangan sa kasyudaran."""
The new food processor.	Ang bag-o nga food processor.
In much the same way as before, the market analyst allocated a long-term savings plan following the internal audit recommendations.	Sa pareho nga paagi sang una, ang analista sang merkado nag-alokar sang isa ka malawig nga plano sa pagtipig suno sa mga rekomendasyon sang internal audit.
Please help a newbie!	Palihog bulig sa isa ka bag-uhan!
The satellite event built on the theme of moving services to the community- increasing access to care to save more lives.	Ang satellite event gintukod sa tema sang pagsaylo sang mga serbisyo sa komunidad- pagdugang sang access sa pag-atipan agud maluwas ang madamo nga kabuhi.
We refunded an affordable gym membership, causing a shift that the school's debate team debated an essay on climate after the teacher explained the concept.	Ginbalik namon ang isa ka barato nga pagkamiyembro sa gym, nga nagtuga sang pagbalhin nga ang debate team sang eskwelahan nagdebate sang isa ka essay sa klima pagkatapos nga ginpaathag sang manunudlo ang konsepto.
At the start of the new year, the algorithm live-streamed a product review series.	Sa pagsugod sang bag-o nga tuig, ang algorithm nag-live-stream sang isa ka serye sang pagrepaso sang produkto.
I have already finished my paper.	Gintapos ko na ang akon papel.
The heels are significantly raised higher than the ball of the foot.	Ang mga tikod labi nga gipataas kay sa bola sa tiil.
"""The reason health care, cap and trade, and the other blocks of Obama's New Foundation are unpopular isn't public ignorance."""	"""Ang rason kon ngaa ang pag-atipan sa ikaayong lawas, takup kag negosyo, kag ang iban pa nga mga bloke sang New Foundation ni Obama indi popular indi ang pagkaignorante sang publiko."""
The myth of Circe explains what happened under the Matriarchate when men allowed themselves to be dominated by their carnal desires.	Ang mito ni Circe nagapaathag kon ano ang natabo sa idalom sang Matriarchate sang gintugutan sang mga tawo ang ila kaugalingon nga magamhan sang ila undanon nga mga kailigbon.
When we are free, let us just eat first at the table because it is important that we understand each other well.	Sa tion nga libre kita, didto lang kita magkaon anay sa lamesa kay importante ang aton pag-ilinaway sing husto.
This section describes the scope of corpus research and describes five criteria regarding the compilation of spoken corpora.	Ini nga seksyon nagalaragway sang kasangkaron sang pagpanalawsaw sa corpus kag nagalaragway sang lima ka mga talaksan nahanungod sa pagtipon sang mga spoken corpora.
Other Methods of Collecting Personal Information.	Iban pa nga mga Paagi sa Pagtipon sang Personal nga Impormasyon.
Just secure your belongings.	I-secure lang ang inyo nga mga gamit.
"""The sample included sedentary populations in Europe and Atlantic archipelagos and migratory populations with different distances of migration, from regional to intercontinental migrations, and different heading directions (due to a migratory divide in central Europe)."""	"""Ang sample naglakip sang mga populasyon nga wala nagahulag sa Europa kag mga arkipelago sang Atlantiko kag mga populasyon nga nagasaylo nga may lainlain nga distansya sang paglalin, halin sa rehiyonal pakadto sa interkontinental nga mga paglalin, kag lainlain nga direksyon sang pagpadulong (bangod sang isa ka pagbinahinbahin sa paglalin sa sentral nga Europa)."""
It is interesting how a nutritionist diagnosed the differential diagnosis incorporating patient-reported outcome measures.	Makawiwili kon paano gindayagnos sang isa ka nutrisyonista ang differential diagnosis nga nagalakip sang mga tikang sa resulta nga ginreport sang pasyente.
Once the process is complete, the security system restarted the app, and the long-term impact could be substantial.	Kon matapos na ang proseso, gin-restart sang sistema sang seguridad ang app, kag ang malawig nga epekto mahimo nga daku.
"""Tags: Health, Politics, Tuberculosis, Prisons, Social Issues Tribune foreign correspondentThe Afghans displaced from Mazar-e Sharif more than three years ago called it treachery when anti-Taliban commanders jumped sides and helped the Taliban capture northern Afghanistan's largest city."""	"""Tags: Health, Politics, Tuberculosis, Prisons, Social Issues Tribune foreign correspondentAng mga Afghan nga nagsaylo sa Mazar-e Sharif kapin sa tatlo ka tuig na ang nakaligad nagtawag sini nga pagluib sang ang mga kumander nga kontra sa Taliban naglumpat kag nagbulig sa Taliban sa pag-agaw sang pinakadaku nga siudad sa naaminhan nga Afghanistan."""
Cooking the meal may also produce smells that are familiar to your loved one with dementia.	Ang pagluto sang pagkaon mahimo man nga makatuga sang mga baho nga pamilyar sa imo hinigugma nga may dementia.
Did you study art in other countries?	Nagtuon ka bala sang arte sa iban nga pungsod?
Why is the child crying outside the house?	Ngaa nagahibi ang bata sa gwa sang balay?
The seesaw effect between the East Pacific and North Atlantic hurricane seasons occurs because the two dominant climate factors that control much of the activity in both regions often act to suppress activity in one region while enhancing it in the other.	Ang seesaw effect sa tunga sang East Pacific kag North Atlantic nga mga panahon sang bagyo nagakatabo bangod ang duha ka nagapangibabaw nga mga kabangdanan sang klima nga nagakontrol sang kalabanan nga hilikuton sa duha ka rehiyon masami nga nagapanghikot sa pagpugong sang hilikuton sa isa ka rehiyon samtang ginapauswag ini sa pihak.
"""However, the modern era of huge printings of the United States one hundred-dollar bill started with the fall of the Soviet Union in 1991."""	"""Apang, ang moderno nga panahon sang dalagku nga mga pag-imprinta sang isa ka gatos ka dolyar nga kuwarta sang Estados Unidos nagsugod sa pagkapukan sang Unyon Sobyet sang 1991."""
"""Gifting does not contemplate a return or an exchange for something of equal value.DecommodificationIn order to preserve the spirit of gifting, our community seeks to create social environments that are unmediated by commercial sponsorships, transactions, or advertising."""	"""Ang paghatag wala nagakahulugan sang pagbalik ukon pagbayluhanay para sa isa ka butang nga may pareho nga balor. DecommodificationAgod mapreserbar ang espiritu sang paghatag, ang aton komunidad nagatinguha sa paghimo sang sosyal nga mga palibot nga wala ginapatunga sang komersyal nga mga sponsorship, transaksyon, ukon advertising."""
My cousin cooked a family photo, on top of that she was happy quite proud.	Ang akon pakaisa nagluto sang litrato sang pamilya, sa ibabaw sini nalipay sia nga bugalon.
"""This is done through Compulsory Licensing by the government enshrined in Section 84 of the Indian Patent Act, 1970."""	"""Ginahimo ini paagi sa Compulsory Licensing sang gobyerno nga nabutang sa Seksyon 84 sang Indian Patent Act, 1970."""
"""In many cases, I discovered, diagnoses hinge on the teachers' responses."""	"""Sa madamo nga mga kaso, natukiban ko, ang mga pagdayagnos nagasandig sa mga sabat sang mga manunudlo."""
Machines aren't intelligent enough to make that distinction.	Ang mga makina indi bastante ka maalam sa paghimo sina nga kinatuhayan.
What a creative the carbon impact of last-mile delivery operations drawing on agent-based transport demand models!	Daw ano ka mamugnaon ang epekto sang carbon sang mga operasyon sa pagdul-ong sa katapusan nga milya nga nagakuha sa mga modelo sang kinahanglanon sa transportasyon nga nakabase sa ahente!
After some thought, my nephew facilitated open dialogue about long-term financial planning for the family drawing on open and respectful communication.	Pagkatapos sang pila ka panghunahuna, ang akon hinablos nagpatigayon sang bukas nga paghambalanay nahanungod sa malawig nga pinansyal nga pagplano para sa pamilya nga nagagamit sang bukas kag matinahuron nga komunikasyon.
"""If you divide your share cost by a season's worth of produce, your CSA produce can be even cheaper than a farmers' market."""	"""Kon imo bahinon ang imo bahin nga gasto sa isa ka panahon nga balor sang patubas, ang imo patubas sang CSA mahimo nga mas barato pa sangsa merkado sang mga mangunguma."""
"""The poor efficiency can be improved by replacing the passive resistor with an active component or circuit whose impedance automatically adjusts to maintain a specific value of current, even with varying supply voltage and/or heavy loads."""	"""Ang indi maayo nga pagkaepektibo mahimo nga mapauswag paagi sa pag-ilis sang passive resistor sa isa ka aktibo nga bahin ukon sirkito nga ang impedance awtomatiko nga naga-adjust sa pagpadayon sang isa ka partikular nga balor sang koryente, bisan pa nga may nagalainlain nga boltahe sang suplay kag/ukon mabug-at nga mga karga."""
Should you need help, the weather delayed the flood-prone zones, and everything else tends to fall into place naturally.	Kon kinahanglan mo ang bulig, ang panahon nag-atrasar sa mga lugar nga madali mabahaan, kag ang tanan nga iban pa masami nga nagakahulog sa lugar sing kinaugali.
Our parents played a family photo provided that the outcome was after dinner.	Ang amon mga ginikanan nagpatokar sang litrato sang pamilya basta ang resulta pagkatapos sang panihapon.
It is interesting how he reflected on overwhelming anxiety despite trying to stay positive.	Makawiwili kon paano niya ginpamalandungan ang sobra nga kabalaka walay sapayan sang pagtinguha nga magpabilin nga positibo.
There's a lovely farm-to-table place two blocks away.	May isa ka matahum nga uma-sa-lamesa nga lugar nga duha ka bloke ang kalayuon.
"""A vitamin level test can check the blood for the levels of certain vitamins, including vitamins A, D, and B12."""	"""Ang isa ka pagtilaw sa lebel sang bitamina makausisa sang dugo para sa lebel sang pila ka bitamina, lakip ang mga bitamina A, D, kag B12."""
Once an Article V Constitutional Convention begins it become a power unto itself...just like the original Constitutional Convention called to AMEND the Articles of Confederation.	Sa tion nga magsugod ang isa ka Artikulo V nga Konstitusyonal nga Kombensyon ini mangin isa ka gahum sa iya kaugalingon...kaangay sang orihinal nga Konstitusyonal nga Kombensyon nga gintawag sa AMENDING ang mga Artikulo sang Konpederasyon.
Guyana's current president is Bharrat Jagdeo.	Ang presidente subong sang Guyana amo si Bharrat Jagdeo.
"""It's next to a lake, so there are usually mosquitoes during the hotter months."""	"""Tupad ini sang linaw, gani masami nga may mga lamok sa tion sang mainit nga mga bulan."""
"""Your academic adviser will assist in designing your academic program, providing informed guidance about course selection, academic requirements and special curricular opportunities such as study abroad and internships."""	"""Ang imo academic adviser magabulig sa pagdesinyo sang imo academic program, nga nagahatag sang may ihibalo nga giya parte sa pagpili sang kurso, mga kinahanglanon sa akademiko kag pinasahi nga mga oportunidad sa kurikulum pareho sang pagtuon sa luwas sang pungsod kag mga internship."""
Consult a naturopath for testing and advice.	Magkonsulta sa isa ka naturopath para sa pagtilaw kag laygay.
Believe it or not, the sous-chef deconstructed the flavour profile of an umami-layered broth using traditional Japanese dashi.	Mapati ka man ukon indi, gin-deconstruct sang sous-chef ang flavor profile sang isa ka umami-layered broth gamit ang tradisyonal nga Japanese dashi.
"""All of these changes could result in adverse impacts to human health, the economy and the environment through increased pollution and degradation of water bodies that serve as venues for recreation and tourism, and that provide drinking water sources and habitat for fish and wildlife."""	"""Ini tanan nga mga pagbag-o mahimo magresulta sa malain nga mga epekto sa ikaayong lawas sang tawo, sa ekonomiya kag sa palibot paagi sa dugang nga polusyon kag pagkaguba sang mga tubig nga nagaserbe nga mga duog para sa kalingawan kag turismo, kag nagahatag sang mga ginahalinan sang tubig nga mainom kag puluy-an para sa mga isda kag mga sapat."""
"""While there was a referendum passed in 2000 limiting marriage only to opposite-sex couples, five years later (in 2005), California's state legislature became the first in the country to enact a same-sex marriage law without a court order compelling them to do so."""	"""Samtang may isa ka referendum nga ginpasar sang 2000 nga nagalimite sang kasal sa mga mag-asawa nga may tuhay nga sekso, lima ka tuig sang ulihi (sang 2005), ang lehislatura sang estado sang California nangin una sa pungsod nga nagpatuman sang kasuguan sa kasal sang pareho nga sekso nga wala sing mando sang korte nga nagapilit sa ila nga himuon ini."""
We also give advice on diet & nutrition to make sure you're getting enough fuel into your body to grow muscle and keep yourself going.	Nagahatag man kami sang laygay sa pagkaon kag nutrisyon agud masiguro nga nagakuha ka sang bastante nga gatong sa imo lawas agud magtubo ang kaunuran kag magpadayon.
Here is one key rule to follow: Include cybersecurity thinking from the planning stage of software development all the way through launch.	Yari ang isa ka yabi nga pagsulundan nga dapat sundon: Ilakip ang panghunahuna sa cybersecurity halin sa yugto sang pagplano sang paghimo sang software tubtob sa paglunsar.
Medicine is comfortable.	Komportable ang medisina.
My colleague recently explained a kind word in simple words.	Ang akon kaupod sa trabaho bag-o lang nagpaathag sang isa ka mainayuhon nga tinaga sa simple nga mga tinaga.
"""Respect for, and full enjoyment of, human rights and fundamental freedoms are the bases on which liberty, justice and peace are founded."""	"""Ang pagtahod sa, kag bug-os nga pag-agom sang, tawhanon nga mga kinamatarung kag sadsaran nga mga kahilwayan amo ang mga sadsaran nga sa diin ang kahilwayan, katarungan kag paghidait napasad."""
There are in fact three sorts of diffusion.	May yara sa pagkamatuod tatlo ka sahi sang paglapnag.
After some thought, our next-door neighbours arranged the holiday schedule despite everyone's busy schedule.	Pagkatapos sang pila ka paghunahuna, ang amon mga kaingod nga balay nag-areglo sang iskedyul sang bakasyon walay sapayan sang masako nga iskedyul sang tanan.
Start with simple foundational recipes.	Magsugod sa yano nga pundasyon nga mga resipe.
Adopted State and local policies have strong goals around vehicle-miles-traveled (VMT) reduction in support of avoiding impacts from climate change.	Ang gin-adoptar nga mga polisa sang Estado kag lokal may mabaskog nga mga katuyuan sa palibot sang pagnubo sang vehicle-miles-traveled (VMT) sa pagsuporta sa paglikaw sa mga epekto gikan sa pagbag-o sang klima.
IPM programming automatically adjusts the light emitted to suit the external weather conditions - saving you power for when it's needed most.	Ang programa sang IPM awtomatiko nga naga-adjust sang kasanag nga ginabuga agud magsanto sa mga kondisyon sang panahon sa guwa - nga nagatipig sa imo sang kuryente para sa tion nga kinahanglanon gid ini.
But is is plain that only the cattle died that remained (Exodus 9:3) in the field during the murrain.	Apang maathag nga ang mga baka lamang ang napatay nga nabilin (Exodo 9:3) sa latagon sa tion sang murrain.
Federal transfer taxes are based on the value of the property transferred.	Ang mga buhis sa pagbalhin sang federal ginabase sa balor sang ginsaylo nga propiedad.
Hundreds of students will start the school year with new school supplies because of help from Reading Hospital and volunteers with United Way of Berks County.	Ginatos ka mga estudyante ang magasugod sang tuig sang pag-eskwela nga may bag-o nga mga gamit sa eskwelahan bangod sang bulig gikan sa Reading Hospital kag mga boluntaryo sa United Way sang Berks County.
The Jaro Cathedral remains a symbol of faith.	"Ang Katedral (Cathedral) sang Jaro naga-pabilin nga ""Simbulo"" sang pagtuo."
Is Pregnancy Associated with Decline in Cognitive Function Later in Life?	Ang Pagbusong Bala May Kaangtanan sa Pagnubo sang Cognitive Function sa Ulihi nga Kabuhi?
Only yesterday, my friend formally complained about the service at a full account of the dish's allergen and nutritional content.	Kahapon lang, ang akon abyan pormal nga nagreklamo nahanungod sa serbisyo sa isa ka bug-os nga pagsaysay sang alerdyi kag sustansya sang putahe.
Most students will attend Public schools.	Ang kalabanan nga mga estudyante magaeskwela sa mga pampubliko nga eskwelahan.
"""The nonprofit organization works with educators, business leaders and communities to improve education in the region and annually recognizes eight teams of teachers in the Los Angeles Unified School District for exceptional efforts, as measured largely by test scores."""	"""Ang nonprofit nga organisasyon nagatrabaho upod sa mga manunudlo, mga lider sang negosyo kag mga komunidad sa pagpauswag sang edukasyon sa rehiyon kag tuigan nga nagakilala sang walo ka mga grupo sang mga manunudlo sa Los Angeles Unified School District para sa pinasahi nga mga panikasog, nga ginatakus sa kadam-an paagi sa mga marka sa eksaminasyon."""
"""In 1618 Paulina Pepys married a brother of the 1st Earl of Manchester, Sir Sydney Montagu, who in 1627 acquired the house and estate of Hinchingbrooke, near Huntingdon."""	"""Sang 1618 si Paulina Pepys nagpangasawa sa isa ka utod sang 1st Earl sang Manchester, si Sir Sydney Montagu, nga sang 1627 nakaangkon sang balay kag estate sang Hinchingbrooke, malapit sa Huntingdon."""
"""Because the axis of rotation is tilted about 25deg to the plane of revolution, Mars experiences seasons somewhat similar to those of the earth."""	"""Bangod ang axis sang pagtuyok nagakiling sing mga 25deg sa eroplano sang paglibot, ang Mars nagaeksperyensya sang mga panahon nga medyo kaanggid sa mga panahon sang duta."""
Our school canteen recently meticulously crafted a heritage grain fermentation programme while honouring the cultural origins of the dish.	Ang amon kantina sa eskwelahan sining karon lang maid-id nga naghimo sang isa ka programa sa pagpatubo sang uyas nga palanublion samtang ginapadunggan ang ginhalinan sang kultura sang putahe.
"""Wisdom teeth, those third molars at the very back of our mouths, are so named because they generally erupt during late adolescence and early adulthood."""	"""Ang mga ngipon sang kaalam, yadtong ikatlo nga mga molar sa likod gid sang aton baba, ginhingalanan sing amo sini bangod masami ini nagabuto sa ulihi nga bahin sang pagkatin-edyer kag temprano nga pagkahamtong."""
Sound Management of Chemicals to Ensure the Protection of Human Rights The protection of the environment is a vital part of contemporary human rights doctrines.	Maayo nga Pagdumala sang mga Kemikal sa Pagsiguro sang Pag-amlig sang Tawhanon nga Kinamatarung Ang pag-amlig sang palibot isa ka importante nga bahin sang kontemporaryo nga mga doktrina sang tawhanon nga kinamatarong.
"""A book of incredible breadth, covering everything from economics to lifestyle choices to urban planning to technology."""	"""Isa ka libro nga may makatilingala nga kasangkaron, nga nagalakip sang tanan halin sa ekonomiya pakadto sa mga pagpili sa estilo sang pagkabuhi pakadto sa pagplano sang siudad pakadto sa teknolohiya."""
"""Nearly everyone in America watches TV shows as they are broadcast, while almost half the population also streams TV content online."""	"""Halos tanan sa Amerika nagatan-aw sang mga palagwaon sa TV samtang ginapalayag ini, samtang halos katunga sang populasyon naga-stream man sang kaundan sang TV online."""
He tells VOA any foreign observer mission would face a huge task keeping track of what he calls systemic election-related mischief.	Ginsilingan niya ang VOA nga ang bisan ano nga misyon sang mga dumuluong nga manugpanilag magaatubang sang daku nga buluhaton sa pagbantay sang ginatawag niya nga sistematiko nga pagkamalinapason nga may kaangtanan sa eleksyon.
A key principle is that virtually all components contribute to the sound quality.	Ang isa ka yabi nga prinsipyo amo nga halos tanan nga mga bahin nagaamot sa kalidad sang tunog.
Expose your children to language that is as complex and diverse as possible and expose them to a foreign language if you can.	Ipadayag ang imo kabataan sa lenguahe nga komplikado kag nanuhaytuhay tubtob posible kag ipadayag sila sa isa ka dumuluong nga lenguahe kon mahimo mo.
"""Learning Disabilities and Bereavement - including advice on: 'Clues to Unresolved Grief', 'During Bereavement and Loss', 'Practical Recommendations Before the Loss Of a Loved One' and 'After Bereavement and Loss'."""	"""Mga Kasablagan sa Pagtuon kag Pagkasubo - lakip ang laygay sa: 'Mga Sinyales sa Wala Masolbar nga Kasubo', 'Sa Tion sang Pagkasubo kag Pagkadula', 'Praktikal nga mga Rekomendasyon Antes sang Pagkadula sang Isa ka Hinigugma' kag 'Pagkatapos sang Pagkasubo kag Pagkadula'."""
"""Congressional hearings followed, chaired by Sen. Hugo Black of Alabama, and by 1934 the scandal had reached such proportions as to prompt President Franklin Roosevelt to cancel all mail contracts and turn mail deliveries over to the Army."""	"""Ang mga pagbista sa Kongreso nagsunod, nga ginpangunahan ni Sen. Hugo Black sang Alabama, kag sang 1934 ang eskandalo nakalab-ot sa kadakuon nga nagtulod kay Presidente Franklin Roosevelt nga kanselahon ang tanan nga mga kontrata sa koreo kag itugyan ang mga pagdul-ong sang koreo sa Army."""
The sharp sound of the bell cut through the morning quiet. my colleague negotiated a difficult piece of feedback using concrete examples and analogies.	Ang mahait nga tunog sang kampanilya nag-utod sa mahipos nga aga. ang akon kaupod sa trabaho nag-negosyar sang isa ka mabudlay nga bahin sang feedback gamit ang konkreto nga mga halimbawa kag mga analohiya.
Preventing sun exposure can easily be done by covering up the treated areas with fall clothing!	Ang pagtapna sang pagkaladlad sa adlaw mahapos nga mahimo paagi sa pagtabon sang mga gintratar nga mga lugar gamit ang mga panapton sa tigpamulak!
Remarkably, the backpacker planned a scenic mountain trail during the off-peak season.	Sing talalupangdon, ang backpacker nagplano sang isa ka matahom nga banas sa bukid sa tion sang off-peak season.
First thing in the morning, the painter drew a pencil sketch.	Una nga butang sa aga, ang pintor nagdrowing sang lapis nga sketch.
Recommendations for email transmission security include Transport Layer Security (TLS) and associated certificate authentication protocols.	Ang mga rekomendasyon para sa seguridad sa transmisyon sang email nagalakip sang Transport Layer Security (TLS) kag kaupod nga mga protocol sa pagpamatuod sang sertipiko.
"""By using brute force attack on the networking connected to the devices, they were able to find vulnerabilities in a router."""	"""Paagi sa paggamit sang brute force attack sa networking nga konektado sa mga device, nakita nila ang mga vulnerabilities sa isa ka router."""
What is your total grade?	Ano ang kabilugan nga grado mo?
"""One story claims that it was a burial cairn for the local chieftains, while another story says that it was a druidic place of worship to the sun-god."""	"""Ang isa ka sugilanon nagasiling nga isa ini ka lulubngan para sa lokal nga mga pangulo, samtang ang isa pa ka sugilanon nagasiling nga isa ini ka druidic nga duog sang pagsimba sa dios-adlaw."""
The female teacher read the glass.	Ginbasa sang ang maestra ang baso.
"""It was this kind of land on which our team of scientists started trialling organic methods, strictly avoiding the use of man-made fertiliser, pesticide, herbicide, additives (manure from pig and chicken farms are polluted with additives), agricultural membrane and GM technology."""	"""Amo ini nga sahi sang duta nga sa diin ang amon grupo sang mga sientipiko nagsugod sa pagtilaw sang mga organiko nga mga pamaagi, nga hugot nga nagalikaw sa paggamit sang hinimo sang tawo nga abono, pestisidyo, herbicide, mga additives (ang manure gikan sa mga uma sang baboy kag manok ginahigkuan sang mga additives), agricultural membrane kag teknolohiya sang GM."""
Research within this technical area falls under four main activities with related goals.	Ang pagpanalawsaw sa sulod sini nga teknikal nga lugar nalakip sa apat ka panguna nga mga hilikuton nga may kaangtanan nga mga katuyuan.
"""The typhoid oral vaccine is given in a series of 4 capsules that are taken 1 per day on alternating days (days 1, 3, 5, and 7)."""	"""Ang bakuna sa oral sa tipos ginahatag sa serye sang 4 ka kapsula nga ginainom 1 kada adlaw sa nagabulosbulos nga mga adlaw (adlaw 1, 3, 5, kag 7)."""
Unexpected feelings of loneliness was reflected on by the teenager in front of a large audience.	Ang wala ginapaabot nga mga balatyagon sang kapung-aw ginpakita sang tin-edyer sa atubang sang madamo nga tumalan-aw.
Definition of marriage license.	Kahulugan sa lisensya sa kasal.
"""Their obsessions-our mother's anxiety-whipped, guilt-ridden sense of duty and our father's blindly passionate escape into his mania for hunting-were specific responses to circumstances that in no way fitted their upbringing, their existential concepts and expectations, even less their dispositions."""	"""Ang ila mga obsesyon-ang kabalaka sang amon iloy, ang pagbatyag sang katungdanan nga nabug-atan sang sala kag ang bulag nga pagpalagyo sang amon amay sa iya pagkamaiya sa pagpangayam-amo ang partikular nga mga sabat sa mga sirkumstansya nga wala gid nagakabagay sa ila pagpadaku, sa ila mga konsepto kag mga ginapaabot sa pagluntad, bisan pa sa ila mga disposisyon."""
Archive completed work to reduce visual clutter.	Archive natapos ang trabaho sa pagkunhod sa biswal nga kagumon.
Once the groundwork is laid, she will struggled with a quiet sense of pride despite trying to stay positive.	Kon ang sadsaran napasad na, magahimakas sia sa isa ka malinong nga pagbatyag sang bugal walay sapayan sang pagtinguha nga magpabilin nga positibo.
Most cases of domestic violence are never reported to the police.	Ang kalabanan nga mga kaso sang kasingki sa puluy-an wala gid ginareport sa pulis.
"""Aggregate and sector-specific research conducted by DRI/McGraw-Hill has revealed a rapid increase in almost every industry's real usage of telecommunications services between 1963 and 1991, owing partly to steady declines in the price of telecommunications relative to other inputs."""	"""Ang kabug-usan kag sektor-espesipiko nga pagpanalawsaw nga ginhimo sang DRI/McGraw-Hill nagpakita sang madasig nga pagtaas sa halos tanan nga industriya sang matuod nga paggamit sang mga serbisyo sa telekomunikasyon sa tunga sang 1963 kag 1991, bangud sa bahin sang tayuyon nga pagnubo sa presyo sang telekomunikasyon kon ipaanggid sa iban nga mga input."""
"""Being patient and understanding towards beliefs and norms of different cultures, speaking against discrimination at the workplace, and continuously learning about changing cultures are all an effective way to make workplaces more inclusive."""	"""Ang pagkamapailubon kag paghangop sa mga pagpati kag mga pagsulundan sang nagkalainlain nga mga kultura, paghambal batok sa diskriminasyon sa ulubrahan, kag padayon nga pagtuon nahanungod sa pagbag-o sang mga kultura isa tanan ka epektibo nga paagi sa paghimo sang mga ulubrahan nga mas inklusibo."""
"""When the mines played out in the 1970s, counterculturalists, artists, musicians, poets, and writers moved in, drawn by the scenic canyon setting, cheap rents, and preserved-in-amber historic architecture."""	"""Sang ang mga minahan nag-abot sang dekada 1970, ang mga kontra-kulturalista, mga artista, mga musikero, mga mamalaybay, kag mga manunulat nagsaylo, nga ginaganyat sang matahom nga kahimtangan sang kanyon, barato nga mga arkila, kag ginpreserbar-sa-amber nga makasaysayan nga arkitektura."""
It is larger than Italy's GDP and only 1.3 trillion less than Germany's GDP.	Mas daku ini sangsa GDP sang Italya kag 1.3 trilyon lamang ang mas manubo sangsa GDP sang Alemanya.
As technology advances, the bus driver is likely to modelled the modal shift implications of the equity implications of urban transport investment decisions within the constraints of an aging infrastructure estate.	Samtang nagauswag ang teknolohiya, ang drayber sang bus posible nga magmodelo sang mga implikasyon sang modal shift sang mga implikasyon sang equity sang mga desisyon sa pamuhunan sa transportasyon sa kasyudaran sa sulod sang mga pagpugong sang isa ka nagatigulang nga estate sang imprastraktura.
"""She and two fellow commission members filed a brief, citing recent studies that race preferences are doing more harm than good, and suggesting there are fewer African-American professionals than would have been with race-neutral methods."""	"""Sia kag ang duha ka kaupod nga mga katapo sang komisyon nag-file sang isa ka malip-ot, nga nagasambit sang mga pagtuon sining karon lang nga ang mga pagpasulabi sa rasa nagahimo sing mas madamo nga halit sangsa kaayuhan, kag nagapanugda nga may mas diutay nga mga propesyonal nga Aprikano-Amerikano sangsa kuntani sa mga pamaagi nga neutral sa rasa."""
The behavior of our moderators is good.	"Maayo ang pamatasan sang aton mga ""Moderators""."
Rule by fear or rule by law?	Paggahom paagi sa kahadlok ukon paggahom paagi sa kasuguan?
For example perhaps 60 typically republican electoral votes and 60 typically democratic electoral votes.	Halimbawa ayhan 60 ka kinaandan nga republikano nga mga boto sa eleksyon kag 60 ka kinaandan nga demokratiko nga mga boto sa eleksyon.
"""As Stoddard calls it, The Iron Law Of Inferiority."""	"""Subong sang pagtawag sini ni Stoddard, Ang Salsalon nga Kasuguan Sang Pagkaubos."""
"""According to the Aug. 4th issue of The Economist, the African Union is having trouble finding the 8,000 troops for Somalia and some 17,000 troops for Congo."""	"""Suno sa Agosto 4 nga isyu sang The Economist, ang African Union nabudlayan sa pagpangita sang 8,000 ka tropa para sa Somalia kag mga 17,000 ka tropa para sa Congo."""
The chorus was performed by an up-and-coming songwriter every evening.	Ang koro ginatukar sang isa ka nagauswag nga manunulat sang kanta kada gab-i.
I once read about a researcher who stumbled upon a discovery entirely by accident. a tourist stopped the pharmacy on foot.	Isa ka bes nabasa ko ang parte sa isa ka manugpanalawsaw nga natukiban sing aksidente. isa ka turista ang nag-untat sa botika nga nagalakat.
In the middle of the night, our film group collected a picture.	Sa tungang gab-i, ang amon grupo sang pelikula nagtipon sang isa ka laragway.
"""In fact, many popular anti-anxiety drugs interact primarily with GABA receptors."""	"""Sa pagkamatuod, madamo nga popular nga mga bulong batok sa kabalaka ang nagapakig-angot una sa mga receptor sang GABA."""
My friend received the meat.	Ginbaton sang ang akon amigo ang karne.
It is interesting how a speedrunner joined a hidden item with a friend.	Makawiwili kon paano ang isa ka speedrunner nag-upod sa isa ka natago nga butang upod sa isa ka abyan.
"""We are witnessing an increase of school shootings in our communities, natural disasters throughout our nation, and frequent news reports of abuse (sexual, emotional, verbal, physical) in our neighborhoods."""	"""Nasaksihan naton ang pagdamo sang mga pagpangluthang sa eskwelahan sa aton mga komunidad, mga kalamidad sa bug-os naton nga pungsod, kag masami nga mga balita sang pag-abuso (seksuwal, emosyonal, berbal, pisikal) sa aton mga kasilingan."""
I will update the app so it works better.	I-update ko anay ang app para mas nami gamiton.
What is the best way to cook a perfect steak?	Ano ang pinakamaayo nga paagi sa pagluto sang isa ka himpit nga steak?
To be able to easily measure water conditions is fundamental to selecting the right method of treatment.	Ang madali nga pagtakus sang mga kondisyon sang tubig amo ang sadsaran sa pagpili sang husto nga pamaagi sang pagtratar.
They were prepared to donate large sums of money to have buildings named after them.	Handa sila nga magdonar sing daku nga kantidad agod may mga tinukod nga ginhingalanan sa ila.
"""The University of Southern California, in announcing the study, said the findings upend previous hypotheses of the seismic activity beneath the Caribbean Sea and provide an important new look at the unique tectonic interactions that are causing the Caribbean plate to tear away from South America."""	"""Ang University of Southern California, sa pag-anunsyo sang pagtuon, nagsiling nga ang mga natukiban nagabaliskad sang mga nauna nga mga hipotesis sang seismic nga aktibidad sa idalom sang Caribbean Sea kag nagahatag sang isa ka importante nga bag-o nga pagtan-aw sa pinasahi nga mga interaksiyon sang tectonic nga nagatuga sang paggisi sang Caribbean plate gikan sa South America."""
"""If your blood pressure is normal at that time, and you do not have diabetes or other risk factors, you should then get your blood pressure checked every 3 to 5 years after that."""	"""Kon ang imo presyon sang dugo normal sa sina nga tion, kag wala ka sing diabetes ukon iban pa nga mga risgo, dapat ka magpa-usisa sang imo presyon sang dugo kada 3 tubtob 5 ka tuig pagkatapos sini."""
There is/are mother in the street.	May iloy sa kalye.
"""Many community consumers are marginally familiar with private covenants and traditional zoning, but they are largely unaware of the relatively new zoning overlays used to form public rule-bound communities."""	"""Madamo nga mga konsumidor sa komunidad ang pamilyar sa pribado nga mga kasugtanan kag tradisyonal nga pag-sona, apang wala sila makahibalo sang medyo bag-o nga mga pag-overlay sang pag-sona nga ginagamit sa pagporma sang mga komunidad nga may publiko nga pagsulundan."""
A sports journalist recently lost the game with great determination.	Ang isa ka dyurnalista sa isports bag-o lang napierde sa hampang nga may daku nga determinasyon.
Animal preparedness information is available to help in preparing yourself and your animals.	Ang impormasyon sa paghanda sa sapat matigayon sa pagbulig sa paghanda sang imo kaugalingon kag sang imo mga sapat.
Our orange is nice now.	Namit ang aton nga aranghita subong.
How many hours is the trip from Iloilo to Bacolod?	Pila ka oras ang biyahe halin Iloilo pakadto Bacolod?
"""Canine Parvovirus, or Parvo, can occur in older dogs but it is most common in puppies that have not yet been vaccinated."""	"""Ang Canine Parvovirus, ukon Parvo, mahimo matabo sa mga tigulang nga ido apang ini labing kinaandan sa mga tuta nga wala pa mabakunahan."""
The origin is unknown.	Ang ginhalinan wala mahibaluan.
"""Crushed stone is an aggregate that has been crushed, reduced in size and screened to the proper specifiion."""	"""Ang nadugmok nga bato isa ka aggregate nga gindugmok, ginbuhinan ang kadakuon kag gin-screen sa nagakaigo nga espesipikasyon."""
"""Further treatment by immersion is ineffective and may actually lead to complications, such as causing a chill that may induce shock."""	"""Ang dugang nga pagbulong paagi sa pagtuslob indi epektibo kag mahimo nga magdul-ong sa mga komplikasyon, pareho sang pagtuga sang katugnaw nga mahimo magtuga sang kakugmat."""
"""This group of stars is the basis of mythology in many countries... the Greek Gods, Australian Dreamtime, Chinese To quote from just a few Astronomers: Jose Comas Sola made a special study of the Pleiades and discovered that they form a system, of which our sun is a part and also several other suns; and all, apparently, have their own Planetary systems."""	"""Ini nga grupo sang mga bituon amo ang sadsaran sang mitolohiya sa madamo nga mga pungsod... ang mga Dios sang Griego, Australian Dreamtime, Intsik Sa pagkutlo gikan sa pila lamang ka mga Astronomo: Si Jose Comas Sola naghimo sang isa ka pinasahi nga pagtuon sa mga Pleiades kag natukiban nga nagaporma sila sang isa ka sistema, nga ang aton adlaw isa ka bahin kag pila man ka iban pa nga mga adlaw; kag ang tanan, maathag, may ila kaugalingon nga mga sistema sang Planeta."""
After some thought, we facilitated open dialogue about the emotional impact of relocation on younger children drawing on open and respectful communication.	Pagkatapos sang pila ka panghunahuna, ginpatigayon namon ang bukas nga paghambalanay nahanungod sa emosyonal nga epekto sang pagsaylo sa mas magagmay nga kabataan nga nagagamit sang bukas kag matinahuron nga komunikasyon.
"""The time is now to take steps to reduce BPA exposure, Li says."""	"""Ang tion karon amo ang paghimo sang mga tikang sa pagnubo sang pagkaladlad sa BPA, siling ni Li."""
"""Even then, Voyager 1 will be 1.6 light years away from the star, which is like, a huge amount."""	"""Bisan pa, ang Voyager 1 mangin 1.6 light years ang kalayuon gikan sa bituon, nga daw, isa ka daku nga kantidad."""
On the condition that all parties cooperate, the new hire negotiated the project proposal, and the next steps become much clearer.	Sa kondisyon nga ang tanan nga partido magkooperar, ang bag-o nga gin-hire nag-negosyar sang proposal sang proyekto, kag ang masunod nga mga tikang mangin mas maathag.
"""At the workplace, the prolonged stress felt by people with long hours is one of the contributing factors to depression."""	"""Sa lugar sang trabaho, ang malawig nga stress nga ginabatyag sang mga tawo nga may malawig nga oras isa sa mga nagaamot nga mga kabangdanan sa depresyon."""
Their blood glucose levels were measured before the meals were taken.	Ang ila lebel sang glucose sa dugo gintakus antes ginkaon ang mga pagkaon.
During rush hour, the triage nurse examined the allergy report.	Sa tion sang pagdinaguso, gin-usisa sang triage nurse ang report sang alerdyi.
"""On April 13, 1757, he married Ruth Smith in Suffield, CT. She was the daughter of William Smith of Wallensburg (part of the town of Essex)."""	"""Sang Abril 13, 1757, ginpangasawa niya si Ruth Smith sa Suffield, CT. Anak sia ni William Smith sang Wallensburg (bahin sang banwa sang Essex)."""
"""In it, Ackroyd takes us from the accession of the profligate George IV whose government was steered by Lord Liverpool, who was firmly set against reform, to the reign of his brother, William IV, the 'Sailor King', whose reign saw the modernization of the political system and the abolition of slavery."""	"""Sa sini, ginadala kita ni Ackroyd gikan sa pagpungko sang mapintas nga si George IV nga ang iya gobyerno gintuytuyan ni Lord Liverpool, nga malig-on nga nagapamatok sa reporma, pakadto sa paggahom sang iya utod, si William IV, ang 'Sailor King', nga ang iya paggahom nakakita sang modernisasyon sang sistema sang politika kag ang pagdula sang pag-ulipon."""
It works by measuring changes in an electric field in a way similar to a magnetometer.	Nagapanghikot ini paagi sa pagtakus sang mga pagbag-o sa isa ka electric field sa paagi nga kaanggid sa isa ka magnetometer.
"""When the Athenian commander Xenophon passed through Pontus around a century later in 401-400 BC, in fact, he found no Persians in Pontus."""	"""Sang ang kumander sang Atenas nga si Xenophon nag-agi sa Ponto mga isa ka siglo sang ulihi sang 401-400 BC, sa pagkamatuod, wala sia sing nakita nga mga Persianhon sa Ponto."""
Make the reason for the oil price hike understood.	I-pa-intsindi ang rason sang pag-mahal sang lana.
"""The roman numerals correspond to parts of The Civic Index, Second Edition."""	"""Ang mga numero nga roman katumbas sa mga bahin sang The Civic Index, Ikaduha nga Edisyon."""
Hypoalbuminemia is a common problem in diabetic animals and is generally attributed in the presence of nephropathy .	Ang hypoalbuminemia isa ka kinaandan nga problema sa mga sapat nga may diabetes kag sa pangkabug-usan ginapatungod sa presensya sang nephropathy.
"""Typically, private sector participation can reach 50 percent of total expenditure in infrastructure programs."""	"""Sa kinaandan, ang partisipasyon sang pribado nga sektor mahimo makalab-ot sa 50 porsyento sang kabug-usan nga paggasto sa mga programa sa imprastraktura."""
Almost all these fad diets were found to be deficient in either of these elements.	Halos tanan sining mga uso nga pagkaon ang nakita nga kulang sa bisan diin sa sini nga mga elemento.
I pause and ask if now is a excellent time to talk.	Nagdulog ako kag namangkot kon bala karon ang maayo nga tion sa paghambalanay.
"""In her defense, Keller says the quick-accumulation theory is unsupported by evidence that would have been found during her analysis of core samples gathered at Chicxulub and 45 localities in northeast Mexico."""	"""Sa iya depensa, si Keller nagsiling nga ang teoriya sang madasig nga pagtipon wala ginasuportahan sang ebidensya nga makita sa tion sang iya pag-analisar sang mga panguna nga mga sample nga natipon sa Chicxulub kag 45 ka mga lokalidad sa naaminhan-sidlangan nga Mexico."""
"""Carexes are grass-like (but not true grasses), mounding and sometimes creeping, low growing tufts of green blades which is why they look like grass."""	"""Ang mga carex daw hilamon (apang indi matuod nga mga hilamon), nagatumpok kag kon kaisa nagakamang, manubo nga nagatubo nga mga tumpok sang berde nga mga sulab nga amo ang rason kon ngaa daw hilamon sila."""
Anyone who has had the same injury?	May ara bala nga may pareho nga pilas?
"""Garnes contributed an essay to the 2006 book, Not In My Family: AIDS in the African-American Community."""	"""Si Garnes nag-amot sang isa ka essay sa 2006 nga libro, Indi Sa Akon Pamilya: AIDS sa Komunidad sang Aprikano-Amerikano."""
The political objective of this research would be to neutralise this claim in the same way that our DNA based dietary research has previously neutralised the claim that lethal sampling is necessary for dietary analysis.	Ang politikal nga katuyuan sini nga pagpanalawsaw amo ang pag-neutralize sini nga pag-angkon sa pareho nga paagi nga ang aton DNA based dietary research nag-neutralize na sang pag-angkon nga ang lethal sampling kinahanglanon para sa pag-analisar sang pagkaon.
"""Eventually they existed less as distinct charaters and more as shadows, silhouettes, counterpoints to a larger scene."""	"""Sa ulihi nagluntad sila nga indi na tanto ka tuhay nga mga karakter kag mas madamo pa nga mga landong, mga silweta, mga kontrapunto sa mas daku nga eksena."""
"""Here is a brief history of the many that have tried, all of which inevitably failed."""	"""Yari ang malip-ot nga maragtas sang madamo nga nagtinguha, nga ang tanan indi malikawan nga napaslawan."""
The player unlocked the first mission unless the outcome was with a friend.	Ang humalampang nag-unlock sang una nga misyon luwas kon ang resulta upod sa isa ka abyan.
In many cases, a mental health nurse recovered from the therapeutic relationship within a structured outpatient support programme.	Sa madamo nga mga kaso, ang isa ka nars sa ikaayong lawas sang hunahuna nakabawi gikan sa terapyutik nga kaangtanan sa sulod sang isa ka istrukturado nga programa sa suporta sa outpatient.
Without hesitation, thick fog intensified the transport network after a long dry spell.	Sa walay pagpangalag-ag, ang madamol nga gabon nagpabaskog sang transportasyon pagkatapos sang malawig nga tigpalamangag.
"""Ordinary perceptual beliefs arise directly out of our experience, and it is entirely appropriate, proper, and rational to form these beliefs in this way."""	"""Ang kinaandan nga mga pagpati sa paghangop nagautwas sing direkta gikan sa aton eksperiensia, kag nagakaigo gid, nagakaigo, kag makatarunganon nga pormahon ining mga pagpati sa sini nga paagi."""
The Johns Hopkins Alliance for a Healthier World brings together leading experts from a range of disciplines to address global health challenges and advance global health equity.	Ang Johns Hopkins Alliance para sa isa ka Mas Mapagros nga Kalibutan nagatipon sang mga nagapanguna nga mga eksperto gikan sa nagkalainlain nga mga disiplina sa pagsabat sang mga hangkat sa pangkalibutanon nga ikaayong lawas kag pagpauswag sang pangkalibutanon nga pagkapatas sa ikaayong lawas.
The roof had started to buckle due to gases trapped in the ceiling.	Ang atop nagsugod sa pag-uyog bangod sang mga gas nga na-trap sa kisame.
"""Latin America Mosquito Repellent Market Revenue (USD Million), By Distribution, 2014 - 2024."""	"""Latin America Mosquito Repellent Market Revenue (USD Million), By Distribution, 2014 - 2024."""
"""The one lesson we have learnt, particularly in the past few years, is the huge importance of this House scrutinising legislation properly in a way that the other House does not."""	"""Ang isa ka leksyon nga amon natun-an, ilabi na sa nagligad nga pila ka tuig, amo ang daku nga importansya sang sini nga Kamara nga nagausisa sang mga kasuguan sing nagakaigo sa paagi nga wala ginahimo sang pihak nga Kamara."""
Vishnuvardhana founded the Eastern Calukyan dynasty with the capital city Vengi.	Gintukod ni Vishnuvardhana ang Eastern Chalukya dynasty nga may kapital nga siudad nga Vengi.
Burning feelings. (Intense emotion, passion, or anger.)	Nagabaga nga balatyagon.
"""After experimentation it is found that Naive Bayes and Voted Perceptron, classifiers are performing well and provide highest accuracy level with the discretized dataset values."""	"""Pagkatapos sang pag-eksperimento natukiban nga ang Naive Bayes kag Voted Perceptron, ang mga classifier nagahimo sing maayo kag nagahatag sang pinakamataas nga lebel sang katukma sa mga discretized dataset values."""
"""And as has also been said, the Fermi paradox implications are massive."""	"""Kag subong sang ginsiling man, ang mga implikasyon sang Fermi paradox daku."""
"""The pubic triangle was originally inlaid, and other parts of the ivory may have been covered in precious metal."""	"""Ang pubic triangle orihinal nga gin-inlaid, kag ang iban nga bahin sang garing mahimo nga gintabunan sang malahalon nga metal."""
I brought the letter home.	Gindala ko ang sulat pauli sa balay.
"""In fact, the health problems of millions of Americans are directly related to our failure to follow doctors' orders."""	"""Sa pagkamatuod, ang mga problema sa ikaayong lawas sang minilyon ka mga Amerikano direkta nga may kaangtanan sa aton kapaslawan sa pagsunod sa mga mando sang mga doktor."""
There is a lot of potential to train and employ young people in the sector.	May daku nga potensyal sa paghanas kag pag-empleyo sang mga pamatan-on sa sektor.
"""When a person speaks sweetly, behaves politely, and expresses a generous feeling of charitableness, one feels that the person is cultured or civilised."""	"""Kon ang isa ka tawo nagahambal sing matam-is, nagagawi sing matinahuron, kag nagapabutyag sing maalwan nga balatyagon sang pagkamaluluy-on, ang isa nagabatyag nga ang tawo may kultura ukon sibilisado."""
So how do we move forward past this debilitating economic system that we have had now for so many centuries?	Gani paano kita makaabante sa sining makapaluya nga sistema sang ekonomiya nga yara sa aton karon sa sulod sang madamo nga mga siglo?
"""Carrying just under 2600 kg (5700 lbs) of science experiments, ISS hardware, and replenishable goods, CRS-16 will be the fifth time SpaceX has reused a Cargo Dragon capsule that has already been to orbit, with this particular capsule having launched in February and reentered in March of 2017."""	"""Nagadala sang wala pa 2600 kg (5700 lbs) sang mga eksperimento sa siyensya, hardware sang ISS, kag mga butang nga sarang mapuno, ang CRS-16 mangin ikalima nga tion nga ang SpaceX naggamit liwat sang isa ka kapsula sang Cargo Dragon nga naka-orbit na, nga ini nga partikular nga kapsula ginlunsar sang Pebrero kag nagsulod liwat sang Marso sang 2017."""
The building of houses using fired clay bricks and brick making technologies constitute a recent adaptation in the county.	Ang pagtukod sang mga balay gamit ang ginsunog nga mga tisa nga daga kag mga teknolohiya sa paghimo sang tisa nagabug-os sang isa ka bag-o nga pagpasibu sa county.
We value children for who they are.	Ginapabaloran namon ang mga kabataan kon sin-o sila.
"""Before being shoved aside in the 1970s by the more politically attractive federal statute law, common law made it clear that no polluter had the right to impose unwanted costs on the owners of private property."""	"""Antes gin-isol sang dekada 1970 sang mas makagalanyat sa politika nga pederal nga kasuguan, ang kinaandan nga kasuguan nagpaathag nga wala sing polluter ang may kinamatarong sa pagpatuman sang indi luyag nga mga gasto sa mga tag-iya sang pribado nga propiedad."""
"""The crew will complete a few reconfiguration tasks to put the Soyuz in a Free Flight mode before settling in for one and a half orbits that will allow the Soyuz to move away from ISS, increasing the gap to around 12 Kilometers."""	"""Ang mga tripulante magatapos sang pila ka mga buluhaton sa pag-reconfigure sa pagbutang sang Soyuz sa isa ka Free Flight mode antes mag-settle sa isa kag tunga ka orbit nga magatugot sa Soyuz nga magpalayo sa ISS, nga magadugang sang kal-ang sa mga 12 Kilometers."""
"""Inhofe's proposal, Sequestration Prevention Act of 2012 (S.3473), repeals the sequestration established by the Budget Control Act of 2011 and offers a long-term solution that proposes to offset the cost of $61.2 billion over 10 years."""	"""Ang proposal ni Inhofe, Sequestration Prevention Act of 2012 (S.3473), nagadula sang sequestration nga gintukod sang Budget Control Act of 2011 kag nagatanyag sang isa ka malawig nga solusyon nga nagaduso sa pag-offset sang gasto nga $61.2 bilyones sa sulod sang 10 ka tuig."""
"""The footprints, made by warriors and their families, appear along a major trail in use at the time."""	"""Ang mga tunob, nga ginhimo sang mga hangaway kag sang ila mga pamilya, makita sa isa ka mayor nga banas nga ginagamit sadto nga tion."""
"""A Brief Introduction To OpenFlow, November 14, 2011 OpenFlow is a specification now managed by the Open Networking Foundation, which defines the functions and protocols used to centrally manage switches via a centralized controller."""	"""Isa ka Malip-ot nga Introduksyon Sa OpenFlow, Nobyembre 14, 2011 Ang OpenFlow isa ka espesipikasyon nga ginadumalahan karon sang Open Networking Foundation, nga nagahatag kahulugan sang mga function kag mga protocol nga ginagamit sa pagdumala sang mga switch paagi sa isa ka sentralisado nga controller."""
These engines also utilize a catalyzed exhaust filter that contains a diesel oxidation catalyst (DOC) and a diesel particulate filter (DPF).	Ini nga mga makina nagagamit man sang catalyzed exhaust filter nga nagaunod sang diesel oxidation catalyst (DOC) kag diesel particulate filter (DPF).
Tackle urgent tasks first.	Himua anay ang dinalian nga mga hilikuton.
"""This makes action indecisive, wavering, wanting to please rather than impose its will."""	"""Ginahimo sini ang aksyon nga indi makapamat-od, nagaduhaduha, luyag magpahamuot sa baylo nga ipatuman ang iya kabubut-on."""
A well-known thought experiment begins with a single, deceptively simple choice. the bus driver navigated the rail timetable despite engineering works.	Ang isa ka kilala nga eksperimento sa panghunahuna nagasugod sa isa ka, malimbungon nga simple nga pagpili. ang drayber sang bus nag-navigate sa timetable sang tren walay sapayan sang mga buluhaton sa enhinyero.
"""Increasing the axial length of the generators, while maintaining the diameter to be less than approximately 4.14.3 meters, alleviates the land-based transportation issue, but results in complex and costly frame structures with long axial extents."""	"""Ang pagdugang sang axial nga kalabaon sang mga generator, samtang ginahuptan ang diametro nga mas manubo sa ginabanta nga 4.14.3 metros, nagapahaganhagan sang isyu sa transportasyon nga nakabase sa duta, apang nagaresulta sa komplikado kag mahal nga mga istruktura sang frame nga may malaba nga mga axial extents."""
The ordinance in Pavia prohibits (sets) a curfew for minors.	"Ang ordinansa sa Pavia naga-dumili sang ""Curfew"" para sa mga menor."
"""Additionally, the total length of unprogrammed local and global signal interconnections is preferably minimized (for a given graph of connections between the cells)."""	"""Dugang pa, ang kabug-usan nga kalabaon sang wala maprograma nga lokal kag pangkalibutanon nga mga interkoneksyon sang signal mas maayo nga mapagamay (para sa ginhatag nga graph sang mga koneksyon sa tunga sang mga selula)."""
After some thought, the revisionist historian analysed the economic conditions of the period using newly declassified documents.	Pagkatapos sang pila ka panghunahuna, gin-analisar sang rebisyonista nga istoryador ang mga kahimtangan sa ekonomiya sadto nga panahon gamit ang bag-o nga gin-declassify nga mga dokumento.
"""Common Sense lived by simple, sound financial policies (don't spend more than you can earn) and reliable strategies (adults, not children, are in charge)."""	"""Ang Common Sense nagakabuhi paagi sa simple, maayo nga mga polisa sa pinansyal (indi maggasto sing sobra sa imo makuha) kag masaligan nga mga estratehiya (ang mga adulto, indi ang mga kabataan, amo ang nagadumala)."""
"""Wisdom and discernment, then, are character traits that, like the moon, can wax and wane."""	"""Ang kaalam kag paghantop, nian, mga kinaiya nga, kaangay sang bulan, mahimo mag-usmod kag mag-usmod."""
Let's say someone passed you a bowl of mashed potatoes at Thanksgiving.	Ibutang ta nga may naghatag sa imo sang isa ka yahong sang ginmasa nga patatas sa Thanksgiving.
"""The cap and trade program in Shenzhen will not immediately lead to a big cut in China's greenhouse gas emissions, and plans for a nationwide rollout could be undermined by a slowdown in the economy."""	"""Ang programa sa cap and trade sa Shenzhen indi gilayon magdul-ong sa daku nga pagbuhin sa greenhouse gas emissions sang China, kag ang mga plano para sa isa ka pungsodnon nga paglunsar mahimo nga maguba sang paghinay sang ekonomiya."""
"""The curriculum is organized as a self-paced lab, and takes between 4-6 hours to complete."""	"""Ang kurikulum gin-organisar bilang isa ka self-paced lab, kag nagakuha sang 4-6 ka oras agud matapos."""
He said it is also possible that earthquakes are natural.	Posible man suno sa iya nga natural ang mga linog.
After some thought, she recorded a handmade piece of furniture over several weekends.	Pagkatapos sang pila ka paghunahuna, nagrekord sia sang isa ka hinimo-sa-kamot nga muwebles sa sulod sang pila ka talipuspusan sang semana.
Vitamin K is an important vitamin that plays a central role in many aspects of health.	Ang bitamina K isa ka importante nga bitamina nga may importante nga papel sa madamo nga aspeto sang ikaayong lawas.
Mold and mildew growing in the air conditioner can cause it to develop a musty smell.	Ang agup-op kag agup-op nga nagatubo sa air conditioner mahimo nga mangin kabangdanan sang pag-uswag sini nga baho.
Thank you for noticing-and for being a valued user.	Salamat sa pagtalupangod-kag sa pag-angkon sang isa ka ginapabaloran nga user.
Specific devisee: A person or entity named to receive specific real property (real estate) under a will.	Partikular nga devisee: Isa ka tawo ukon entidad nga ginhingadlan sa pagbaton sang partikular nga propiedad (real estate) sa idalom sang isa ka testamento.
Equally important, a first-year student evaluated the literary critique.	Pareho ka importante, ang isa ka estudyante sa una nga tuig nag-ebalwar sang kritika sa literatura.
Well the dinosaur itself was called a Quetzalcoatlus or quetzal for short.	Ti ang dinosaur mismo gintawag nga Quetzalcoatlus ukon quetzal sa malip-ot.
"""In the early 1900's, when one wave of these pogroms was sweeping Eastern Europe, my grandfathers fled their homes."""	"""Sang maaga nga bahin sang katuigan 1900, sang ang isa ka balod sining mga pogrom nagalapta sa Sidlangan nga Europa, ang akon mga lolo nagpalagyo sa ila mga puluy-an."""
That proactive, courageous step will significantly accelerate your growth, confidence, and fluency.	Ina nga aktibo, maisog nga tikang magapadasig sing daku sang imo pagtubo, pagsalig, kag pagkasampaton.
"""As a rich man is likely to be a better customer to the industrious people in his neighbourhood, than a poor, so is likewise a rich nation."""	"""Subong nga ang isa ka manggaranon nga tawo mahimo nga mangin mas maayo nga kustomer sa mga mapisan nga mga tawo sa iya kasilingan, sangsa isa ka imol, amo man ang isa ka manggaranon nga pungsod."""
"""With the proliferation of international organizations over the last century, they have in some cases been recognized as relevant parties as well."""	"""Sa pagdamo sang mga internasyonal nga organisasyon sang nagligad nga siglo, sa pila ka mga kaso ginkilala man sila nga may kaangtanan nga mga partido."""
"""Helpless and hopeless, he would have died in that sinful state, had Christ not chosen to intervene (John 5:7)."""	"""Wala sing mahimo kag wala sing paglaum, napatay sia kuntani sa sina nga makasasala nga kahimtangan, kon wala ginpili ni Cristo nga magpasilabot (Juan 5:7)."""
"""Trump's choice to replace Kennedy - a swing vote on the nine-member court - has the potential to remake the court for a generation as part of precedent-shattering decisions on abortion, health care, gay marriage and other issues."""	"""Ang pagpili ni Trump nga islan si Kennedy - isa ka swing vote sa siyam ka katapo nga korte - may potensyal nga himuon liwat ang korte sa isa ka henerasyon bilang kabahin sang mga desisyon nga nagaguba sang precedent sa aborsyon, pag-atipan sa ikaayong lawas, pag-asawahay sang mga homoseksuwal kag iban pa nga mga isyu."""
"""If the claim is causal (i.e., about impact), what is the counterfactual: How do we know what would have happened otherwise?"""	"""Kon ang pag-angkon amo ang kabangdanan (i.e., nahanungod sa epekto), ano ang kontra-matuod: Paano naton mahibaluan kon ano ang natabo kon indi?"""
"""It is a charity that raises funds to support children affected by genetic disorders, of which about 6000 exist."""	"""Isa ini ka charity nga nagatipon sang pundo para suportahan ang mga kabataan nga apektado sang mga genetic disorders, nga mga 6000 ang nagaluntad."""
The Department of Energy has awarded Florida $30.4 million from the American Recovery and Reinvestment Act to support clean energy projects across the state.	Ang Department of Energy naghatag sa Florida sang $30.4 milyones gikan sa American Recovery and Reinvestment Act agud suportahan ang mga proyekto sa matinlo nga enerhiya sa bug-os nga estado.
"""Finally, make sure you track IP addresses of both those users who successfully login and those who don't."""	"""Sa katapusan, siguraduhon nga ginasubaybayan mo ang mga IP address sang mga user nga madinalag-on nga nag-login kag sang mga wala."""
"""Formed in Hertford, England in 1968, Deep Purple are widely considered, alongside Led Zeppelin and Black Sabbath, as pioneers of heavy metal and modern rock."""	"""Gintukod sa Hertford, England sang 1968, ang Deep Purple ginakabig sang madamo, upod sa Led Zeppelin kag Black Sabbath, bilang mga pionero sang heavy metal kag moderno nga rock."""
A level of 10 mg/L has consistently been shown to be the most reliable cut-off to indicate sepsis.	Ang lebel sang 10 mg/L ang dalayon nga ginapakita nga amo ang pinakamasaligan nga cut-off sa pagpakita sang sepsis.
The water was boiled before the coffee was poured.	Gin-pa-bukal (Pabukal) ang tubig antes gin-yabo ang kape.
"""His writings expound traditional Vedanta philosophy and western idealism, affirming the ultimate unity of moral and religious beliefs within their apparent differences."""	"""Ang iya mga sinulatan nagapaathag sang tradisyonal nga pilosopiya sang Vedanta kag sang nakatundan nga idealismo, nga nagapamatuod sang katapusan nga paghiusa sang moral kag relihiyoso nga mga pagpati sa sulod sang ila maathag nga mga kinatuhayan."""
After some thought, the curriculum committee conducted a systematic review of the socioeconomic determinants of educational attainment gaps to address persistent attainment gaps along socioeconomic lines.	Pagkatapos sang pila ka panghunahuna, ang komite sang kurikulum nagpatigayon sang sistematiko nga pagrepaso sang mga sosyo-ekonomiko nga mga determinante sang mga kal-ang sa pag-angkon sang edukasyon agud masabat ang nagapadayon nga mga kal-ang sa pag-angkon sa sosyo-ekonomiko nga mga linya.
Vending machines have replaced manual labour in all these places.	Ang mga vending machine nagbulos sa manual labor sa tanan nga mga lugar.
The force of attraction of two electrically charged objects varies inversely with the square of the distance.	Ang puwersa sang pagganyat sang duha ka butang nga may kuryente nagalainlain sing baliskad sa kuwadrado sang kalayuon.
"""In the president's fiscal year 2020 budget proposal, the Air Force is asking to purchase eight Boeing built F-15EX fighter jets."""	"""Sa budget proposal sang presidente sa tuig piskal 2020, ang Air Force nagapangabay nga magbakal sang walo ka F-15EX fighter jets nga ginhimo sang Boeing."""
"""The over-consumption of juices can result in high risk for diabetes, kidney problems, and dental problems."""	"""Ang sobra nga pag-inom sang mga duga mahimo magresulta sa mataas nga risgo para sa diabetes, mga problema sa bato, kag mga problema sa ngipon."""
What is a TV news story called?	Ano ang tawag sa balita sa TV?
"""The city council employed John Frederic Bateman, an experienced engineer, to design a water supply."""	"""Ang konseho sang siudad nag-empleyo kay John Frederic Bateman, isa ka eksperyensyado nga enhinyero, sa pagdesinyo sang suplay sang tubig."""
"""Systema Mycologicum (1821-32), 3 vols, ."""	"""Systema Mycologicum (1821-32), 3 vols, ."""
Urban planners planted the beach, by contrast the family enjoyed a coffee.	Ang mga urban planners nagtanom sang baybayon, sa kabaliskaran ang pamilya nalipay sa isa ka kape.
Some psychologists work independently while others work as part of a healthcare team.	Ang iban nga mga sikologo nagatrabaho sing independiente samtang ang iban nagatrabaho subong bahin sang isa ka grupo sang pag-atipan sa panglawas.
The purpose of this paper is to review the recent observations of ammonia sorption (or trapping) by biochar and what this could mean for the agricultural use of this material.	Ang katuyuan sini nga papel amo ang pagrepaso sang mga bag-o nga obserbasyon sang ammonia sorption (ukon pag-trap) sang biochar kag kon ano ang mahimo nga kahulugan sini para sa paggamit sa agrikultura sini nga materyal.
Did they think of it as a weapon or as a form of justification for mass murder?	Ginhunahuna bala nila ini subong isa ka hinganiban ukon subong isa ka sahi sang katarungan para sa madamo nga pagpatay?
"""Hence, when God refuses to answer a prayer immediately, he allows us the opportunity to grow in charity through persevering in prayer - in this manner we merit the answer to our prayers."""	"""Gani, kon ang Dios magdumili sa pagsabat gilayon sang isa ka pangamuyo, ginatugutan niya kita sang kahigayunan nga magtubo sa gugma nga putli paagi sa pagpadayon sa pangamuyo - sa sini nga paagi takus naton ang sabat sa aton mga pangamuyo."""
So why is this the topic in therapy today?	Gani ngaa amo ini ang topiko sa therapy subong?
"""The impactor, as its name suggests, would crash at high speed into the asteroid with the same purpose."""	"""Ang impactor, suno sa iya ngalan, magatupa sa madasig nga kadasigon sa asteroid nga may amo man nga katuyuan."""
"""Once a cyber attack has occurred, you need to have a policy in place to immediately begin recovery."""	"""Kon ang isa ka pag-atake sa cyber natabo, kinahanglan nga may yara ka sang isa ka polisa sa lugar agud gilayon nga makasugod sang pag-ayo."""
How do you return sorted elements?	Paano mo ginabalik ang mga gin-sort nga mga elemento?
There was a stillness to the air that felt oddly purposeful. the whole group laughed really happy on the first day of school.	May yara sang kalinong sa kahanginan nga daw makatilingala nga may katuyuan. ang bug-os nga grupo nagkadlaw sing malipayon gid sa una nga adlaw sang pag-eskwela.
Community leaders have urged action following the young woman smiled quite proud on the first day of school.	Ang mga lideres sang komunidad naghingyo sang aksyon pagkatapos nga ang dalagita nagyuhum sing bugalon sa una nga adlaw sang eskwelahan.
The Court's ruling both creates important Fourth Amendment law and illustrates some important facts about the personnel on the Court.	Ang desisyon sang Korte pareho nga nagahimo sang importante nga kasuguan sang Ikaapat nga Pag-amyenda kag nagalaragway sang pila ka importante nga mga kamatuoran nahanungod sa mga tinawo sa Korte.
Paddling: Throwing the front feet outward as they are picked up; most common in toe-narrow or pigeon-toed horses.	Pagbugsay: Paghaboy sang mga tiil sa unahan pa gwa samtang ginakuha ini; labing kinaandan sa mga kabayo nga may tiil nga makitid ukon salampati.
"""For more than 160 years, Siemens has built a reputation for leading-edge innovation and the quality of its products, services and solutions."""	"""Sa sulod sang kapin sa 160 ka tuig, ang Siemens nakatukod sang reputasyon para sa nagapanguna nga kabag-ohan kag ang kalidad sang iya mga produkto, serbisyo kag mga solusyon."""
"""When a Sem Terra needs to know how to calculate an area in order to measure the land where his agro-villa will be settled, or when he needs to study geography to best choose the place for an occupation, this knowledge will certainly have more human and social density for him."""	"""Kon ang isa ka Sem Terra kinahanglan nga makahibalo kon paano makalkulo ang isa ka lugar agud matakus ang duta sa diin ang iya agro-villa pagapuy-an, ukon kon kinahanglan niya nga magtuon sang geograpiya agud mapili ang pinakamaayo nga lugar para sa isa ka trabaho, ini nga ihibalo pat-od gid nga may mas madamo nga tawhanon kag sosyal nga densidad para sa iya."""
"""But Iran announced on Tuesday that it was loading domestically produced, 20-percent enriched uranium fuel into the reactor, and the Iranian official in Baghdad was dismissive of reviving the idea of a swap."""	"""Apang gin-anunsyo sang Iran sang Martes nga ginakarga sini ang ginhimo sa pungsod, 20-porsyento nga ginpauswag nga uranium nga gatong sa reaktor, kag ang opisyal sang Iran sa Baghdad wala nagasapak sa pagbuhi liwat sang ideya sang pagbayluhanay."""
"""Current assessment protocols are labor intensive, time consuming, and costly."""	"""Ang mga protocol sa pag-usisa subong nagakinahanglan sing madamo nga trabaho, nagaubos sing tion, kag mahal."""
"""In August 2011, Housing Works was one of six NYC health centers awarded a Human Resource & Service Administration (HRSA) grant as a New Access Point to provide comprehensive primary care services to the general community, specifically targeting the homeless community."""	"""Sang Agosto 2011, ang Housing Works isa sa anom ka mga sentro sang ikaayong lawas sa NYC nga ginhatagan sang Human Resource & Service Administration (HRSA) grant bilang isa ka Bag-o nga Access Point sa paghatag sang komprehensibo nga mga serbisyo sa panguna nga pag-atipan sa pangkabilugan nga komunidad, ilabi na nga nagapuntirya sa komunidad sang mga wala sing puluy-an."""
"""Though perhaps not the originator of the practice, the emperor Nero appears to have been the first Roman emperor to marry a male."""	"""Bisan pa nga ayhan indi ang nagtuga sang buhat, ang emperador nga si Nero daw amo ang una nga emperador sang Roma nga nagpangasawa sang isa ka lalaki."""
"""Our common agreement that all people are equal, no matter what color, religion or gender, must become a reality.''"""	"""Ang aton kinaandan nga kasugtanan nga ang tanan nga mga tawo patas, bisan ano man ang duag, relihiyon ukon sekso, dapat mangin isa ka realidad."""
A central question in genetics and evolution is the extent to which the outcomes of mutations change depending on the genetic context in which they occur 1-3 .	Ang isa ka sentro nga pamangkot sa genetika kag ebolusyon amo ang kasangkaron kon diin ang mga resulta sang mga mutasyon nagabag-o depende sa genetiko nga konteksto sa diin ini nagakatabo 1-3 .
This verse tells us that before we finish our prayer God hears us.He answers before we get our prayer finished.In Matthew 6:8 our heavenly Father knows what we need before we ask Him.The Bible suggests we go to an area or a room in-other-words off by ourselves and just talk to Him in private.Some people repeat words of a prayer over and over.Our Father knows our need and He hears as prayers go to Him.Have you ever asked yourself what prayer is?	Ini nga bersikulo nagasugid sa aton nga antes naton matapos ang aton pangamuyo ang Dios nagapamati sa aton. Nagasabat Sia antes naton matapos ang aton pangamuyo. Sa Mateo 6:8 ang aton langitnon nga Amay nakahibalo kon ano ang aton kinahanglanon antes naton pangayuon sa Iya. Ang Biblia nagapanugda nga magkadto kita sa isa ka lugar ukon isa ka hulot sa iban nga mga pulong nga kita lang kag makighambal sa Iya sa pribado. Ang iban nga mga tawo nagasulit sang mga pulong sang pangamuyo sang isa ka Amay nga sobra kag ang aton Amay nakahibalo. Nagapamati Sia kon ang mga pangamuyo nagakadto sa Iya. Napamangkot mo na bala ang imo kaugalingon kon ano ang pangamuyo?
There was something about the texture of the morning that felt different. a patient advocate opened up about a period of burnout after months of working through the underlying issues.	May yara sang isa ka butang sa texture sang aga nga daw lain. ang isa ka manugsakdag sang pasyente nagbukas nahanungod sa isa ka panahon sang pagkaubos pagkatapos sang pila ka bulan nga pagtrabaho sa mga nagapaidalom nga mga isyu.
Above all, we processed the underlying psychological dimensions of the emotional labour involved in caregiving roles.	Labaw sa tanan, ginproseso namon ang nagapaidalom nga sikolohikal nga mga dimensyon sang emosyonal nga pagpangabudlay nga nadalahig sa mga papel sa pag-atipan.
"""In fact, the conditions in the country are perfect for growing grapes, but reasons such as money, inexperience and apathy have kept the area from becoming a world-recognized wine region."""	"""Sa pagkamatuod, ang mga kondisyon sa pungsod himpit para sa pagpatubo sang mga ubas, apang ang mga rason pareho sang kuwarta, pagkawalay eksperyensya kag pagkawalay hinalung-ong nagpugong sa lugar nga mangin isa ka ginakilala sa kalibutan nga rehiyon sang alak."""
Relative to the global average, the museum curator interrogated the archival silences surrounding the gendered dimensions of wartime labour mobilisation within the framework of comparative global history.	Kon ipaanggid sa pangkalibutanon nga average, ang curator sang museo nag-usisa sang mga kahipos sa archive nga nagapalibot sa gendered nga mga dimensyon sang paghulag sang mga mamumugon sa tion sang inaway sa sulod sang gambalay sang pagkumparar sang pangkalibutanon nga maragtas.
Thanks for keeping purpose at the center.	Salamat sa paghupot sang katuyuan sa sentro.
I love going for a walk in the park with some music.	Nanamian ako maglagaw sa parke nga may musika.
"""One notable outcome from the conference was preliminary results from the Diabetes Prevention Trial (DPT-1), which found that giving small amounts of injected insulin to kids at risk of developing type 1 does not prevent the disease."""	"""Ang isa ka talalupangdon nga resulta gikan sa komperensya amo ang una nga mga resulta gikan sa Diabetes Prevention Trial (DPT-1), nga nasapwan nga ang paghatag sang diutay nga kadamuon sang gin-inject nga insulin sa mga kabataan nga may katalagman nga mag-angkon sang type 1 wala nagapugong sang balatian."""
"""When the class guesses the word, take the flashcard off the board."""	"""Kon ang klase makatag-an sang tinaga, kuhaa ang flashcard sa pisara."""
"""Between 1945 and 2004, in the United States, Riegert life expectancy was at its lowest point in 1956, and highest in 1982."""	"""Sa tunga sang 1945 kag 2004, sa Estados Unidos, ang paglaum sa kabuhi ni Riegert yara sa pinakamanubo nga punto sang 1956, kag pinakamataas sang 1982."""
"""Aiming the beam becomes much more difficult if, like SMART-1, the spacecraft is far away and moving rapidly."""	"""Ang pagpuntirya sa sinag mangin mas mabudlay kon, pareho sang SMART-1, ang salakyan sa kahawaan malayo kag madasig nga nagahulag."""
Just as we observed earlier, a lost traveller found the pharmacy using a map.	Subong sang aton naobserbahan kaina, ang isa ka nadula nga manuglakbay nakakita sang botika paagi sa paggamit sing mapa.
"""Hunger-strikes and self-harm continue, taking people to the very edge of life, because they feel that they have no other voice."""	"""Ang mga welga sa gutom kag paghalit sa kaugalingon nagapadayon, nga nagadala sa mga tawo sa pinakamataas nga bahin sang kabuhi, bangod ginabatyag nila nga wala na sila sing iban nga tingog."""
The hope is to drive the cancer into deep remission within four to six weeks.	Ang paglaum amo nga madala ang kanser sa madalom nga pag-ayo sa sulod sang apat tubtob anom ka semana.
"""In this case, only 4.14 tons of refrigeration would be required instead of 5.65."""	"""Sa sini nga kaso, 4.14 ka tonelada lamang sang pagpabugnaw ang kinahanglanon sa baylo nga 5.65."""
"The DA is investigating the ""brown planthopper"" pest."	"Nagapang-imbestigar ang DA sa peste nga ""brown planthopper""."
Presently undergoing projects are the development of good hand hygiene practices in the hospital (local) and the dissemination of best available evidence in health care (national).	Ang mga proyekto nga ginahimo subong amo ang paghimo sang maayo nga mga buhat sa katinlo sang kamot sa ospital (lokal) kag ang pagpalapnag sang pinakamaayo nga magamit nga ebidensya sa pag-atipan sa ikaayong lawas (nasyonal).
How might you tell if what you see is really what you get?	Paano mo mahibaluan kon ang imo makita amo gid ang imo makuha?
"""We study the relationship between babble and early words, and the shaping of a child's knowledge of the sound system of the language they are learning."""	"""Ginatun-an namon ang kaangtanan sa tunga sang babble kag una nga mga tinaga, kag ang pagporma sang ihibalo sang isa ka bata sa sistema sang tunog sang lenguahe nga ila ginatun-an."""
Dr. Kunz (as he liked to be called) had launched his career in 1876 when he sold a spectacular tourmaline to Charles Lewis Tiffany.	Si Dr. Kunz (subong sang luyag niya tawgon) nagsugod sang iya karera sang 1876 sang ginbaligya niya ang isa ka makahalawhaw nga tourmaline kay Charles Lewis Tiffany.
People who suffer from celiac disease or wheat allergy need to switch to a gluten-free diet.	Ang mga tawo nga nagaantos sang celiac disease ukon alerdyi sa trigo kinahanglan magsaylo sa isa ka gluten-free nga pagkaon.
He extended a formal welcome to a distinguished guest with appropriate formality as soon as the outcome was mindful of cross-cultural differences in greeting customs.	Naghatag sia sing pormal nga pag-abiabi sa isa ka dungganon nga bisita nga may nagakaigo nga pormalidad sa gilayon nga ang resulta nahunahuna ang mga kinatuhayan sa tunga sang mga kultura sa mga kinabatasan sa pagtamyaw.
A person with a disability comes to PACE and is evaluated and counseled to determine talents and career goals.	Ang isa ka tawo nga may kasablagan nagakadto sa PACE kag gina-ebalwar kag ginalaygayan agud mahibaluan ang mga talento kag mga katuyuan sa karera.
Essay produces children to comprehend the theme on the it is intended to be published anything that could be the field.	Ang essay nagapatubas sa mga kabataan nga mahangpan ang tema sa ini gintuyo nga ibalhag ang bisan ano nga mahimo nga patag.
A home purchase is one of the largest financial investments most Americans will make.	Ang pagbakal sang balay isa sa pinakadaku nga pinansyal nga pamuhunan nga himuon sang kalabanan nga mga Amerikano.
Does anyone know an 8 words sentence using the 8 parts of speech that makes sense?	May nakahibalo bala sang 8 ka tinaga nga dinalan nga nagagamit sang 8 ka bahin sang paghambal nga may kahulugan?
You can find some of these exercises outlined in yoga manuals.	Makita mo ang pila sining mga ehersisyo nga ginbalay sa mga manwal sang yoga.
In many cases, the prosecutor applied the proportionality test to the extraterritorial application of domestic data protection law applying a purposive approach to statutory interpretation.	Sa madamo nga mga kaso, ang piskal nag-aplikar sang proporsyonalidad nga pagtilaw sa ekstraterritoryal nga aplikasyon sang domestic data protection law nga naga-aplikar sang isa ka purposive nga pamaagi sa statutory interpretation.
Listen to your body's feedback.	Pamatii ang feedback sang imo lawas.
"""Faced with a science-averse president-elect, local communities have no choice but to fend for themselves in the fight against climate change."""	"""Nagaatubang sa isa ka presidente-elect nga wala nagasapak sa siyensya, ang mga lokal nga komunidad wala sing mahimo kundi mag-amlig para sa ila kaugalingon sa pagpakig-away batok sa pagbag-o sang klima."""
Why do we need oxygen to breathe?	Ngaa kinahanglan naton ang oksiheno sa pagginhawa?
Is this item in stock?	May stock bala ini nga butang?
"""Composition is the art of placing objects in a pleasing way that leads the eye around the image to the focal point, to focus on what you want them to see."""	"""Ang komposisyon amo ang arte sang pagbutang sang mga butang sa isa ka makalilipay nga paagi nga nagadul-ong sa mata sa palibot sang laragway pakadto sa sentro, sa pagkonsentrar sa kon ano ang luyag mo nga makita nila."""
Stepping back, the intern attended the presentation.	Nag-atras, ang intern nagtambong sa presentasyon.
Education - schools and universities.	Edukasyon - mga eskwelahan kag unibersidad.
"""But as in so many cases today, the complaint of one person infringes on the rights of others, whose rights are not even considered."""	"""Apang pareho sa madamo nga mga kaso karon, ang reklamo sang isa ka tawo nagalapas sa mga kinamatarong sang iban, nga ang ila mga kinamatarong wala gani ginabinagbinag."""
The council followed up with an ordinance in 1986 that prohibited the owners of apartment buildings from converting rental units without obtaining conditional-use permits from the city.	Ang konseho nagsunod sa isa ka ordinansa sang 1986 nga nagadumili sa mga tag-iya sang mga apartment building sa pagbaylo sang mga yunit nga ginaarkilahan nga wala nagakuha sang mga permiso sa paggamit sang kondisyon gikan sa siudad.
To put it simply, the hr team cross-functionally aligned the enterprise-wide change management strategy.	Sa simple nga hambal, ang hr team nag-align sang cross-functionally sang estratehiya sa pagdumala sang pagbag-o sa bug-os nga negosyo.
It is endemic to Chile where it nests in the Juan Fernndez Islands (including Masatierra) and Desventuradas Islands.	Ini endemic sa Chile sa diin nagasalag ini sa Juan Fernndez Islands (lakip ang Masatierra) kag Desventuradas Islands.
Thinking about it now, the developer integrated the user data without interrupting the user experience.	Sa paghunahuna sini karon, gintingob sang developer ang datos sang user nga wala nagabalabag sa eksperyensya sang user.
Washington Square Arch was designed to commemorate 100 years of George Washington's inauguration as the first American president.	Ang Washington Square Arch gindesinyo sa pagdumdom sang 100 ka tuig sang inagurasyon ni George Washington bilang una nga presidente sang Amerika.
Set a clear goal, invite diverse perspectives, and use timed rounds for ideas.	Magpahamtang sang maathag nga katuyuan, mag-agda sang nagkalainlain nga mga panan-awan, kag maggamit sang mga timed rounds para sa mga ideya.
Family Centre are services provided by the local authority to assist in the welfare of individuals and groups in need.	Ang Family Center amo ang mga serbisyo nga ginahatag sang lokal nga awtoridad agud makabulig sa kaayuhan sang mga indibidwal kag grupo nga nagakinahanglan.
Unexpectedly, heavy rainfall contributed to flash-flooding conditions throughout emergency flood response planning protocols in line with revised IPCC scenario projections.	Sa wala ginapaabot, ang mabaskog nga ulan nag-amot sa mga kondisyon sang flash-flooding sa bug-os nga mga protocol sa pagplano sang pagsabat sa emerhensya nga baha nga nagasanto sa ginbag-o nga mga pagbanta sang senaryo sang IPCC.
Infants and fetuses are more sensitive to the effects of radiation because their organs are still growing.	Ang mga lapsag kag mga fetus mas sensitibo sa epekto sang radiation bangod ang ila mga organo nagatubo pa.
Title III of the Americans with Disabilities Act prohibits discrimination against persons with disabilities in places of public accommodations and commercial facilities.	Ang Titulo III sang Americans with Disabilities Act nagadumili sang diskriminasyon batok sa mga tawo nga may kasablagan sa mga lugar sang publiko nga mga akomodasyon kag mga pasilidad komersyal.
My whole body ached from constant travel.	"Naga-palanakit (Sakit) ang akon ""Whole body"" sa sige ""Travel""."
The article concludes with broad recommendations for an ethical framework for drug epidemiology that can be refined in further discussion on those important issues.	Ang artikulo nagatapos sa malapad nga mga rekomendasyon para sa isa ka etikal nga gambalay para sa epidemiology sang droga nga mahimo nga mapino sa dugang nga paghinun-anon sa sinang importante nga mga isyu.
No person can become a good professional without the basics of a good education.	Wala sing tawo nga mangin isa ka maayo nga propesyonal kon wala ang mga sadsaran sang isa ka maayo nga edukasyon.
Remarkably, the education minister operationalised a theory of change around the long-term impact of early years investment on life outcomes drawing on longitudinal cohort data from three national studies.	Sing talalupangdon, ang ministro sang edukasyon nag-operationalize sang isa ka teoriya sang pagbag-o sa palibot sang malawig nga epekto sang pamuhunan sa una nga mga tuig sa mga resulta sang kabuhi nga nagakuha sa longitudinal cohort data gikan sa tatlo ka pungsodnon nga pagtuon.
"""We expect bold decisions, resulting in quantifiable outcomes, which are the result of specific action based on a short catalogue of common principles of Sustainable Development (SD)."""	"""Nagapaabot kami sang maisog nga mga desisyon, nga magaresulta sa mga resulta nga ma-quantify, nga amo ang resulta sang partikular nga aksyon base sa isa ka malip-ot nga katalogo sang kinaandan nga mga prinsipyo sang Sustainable Development (SD)."""
"""The #BlackLivesMatter movement does not negate that all lives matter; to the contrary, it makes those lives that are invisible visible."""	"""Ang #BlackLivesMatter nga hublag wala nagapanghiwala nga ang tanan nga kabuhi importante; sa kabaliskaran, ginahimo sini nga makita yadtong mga kabuhi nga indi makita."""
"""By baking bread, one sustains life."""	"""Paagi sa pagluto sang tinapay, ang isa nagasakdag sang kabuhi."""
"""In order to contribute to an IRA, you or your spouse must have earned income."""	"""Agod makaamot sa IRA, ikaw ukon ang imo tiayon dapat may kita."""
"""Shaktism: The Goddess Shakti is both compassionate and terrifying, pleasing and wrathful, assuaged by sacrifice and submission."""	"""Shaktism: Ang Diosa nga si Shakti pareho nga maluluy-on kag makahaladlok, makapahamuot kag maakigon, nga ginapahaganhagan sang sakripisyo kag pagpasakop."""
"""Starting with version 5.0, the Android operating system lets you configure your smartphone or tablet to work with only one application."""	"""Sugod sa bersyon 5.0, ang Android operating system nagapahanugot sa imo nga i-configure ang imo smartphone ukon tablet nga magtrabaho sa isa lamang ka aplikasyon."""
Transition Abroad's Disability Travel is a resource that provides a list of programs for people with disabilities as well as testimonials and articles on disability travel.	Ang Transition Abroad's Disability Travel isa ka resource nga nagahatag sang listahan sang mga programa para sa mga tawo nga may kasablagan subong man sang mga testimonya kag mga artikulo sa pagbiyahe nga may kasablagan.
Were you to try this approach, a customer spoke at length with to check on the order, and we would need to reconsider the entire approach.	Kon tilawan mo ini nga pamaagi, ang isa ka kustomer naghambal sing malawig sa pag-usisa sang order, kag kinahanglan namon nga binagbinagon liwat ang bug-os nga pamaagi.
Suggest titles to expand the collection.	Magsugyot sang mga titulo agud mapalapad ang koleksyon.
"""Between being a magazine and a catalog, the publication succeeds in documenting the inspiration, dialogue and innovation that distinguishes thought and work at Dornbracht."""	"""Sa tunga sang isa ka magasin kag isa ka katalogo, ang publikasyon nagmadinalag-on sa pagdokumento sang inspirasyon, dayalogo kag kabag-ohan nga nagapatuhay sang panghunahuna kag trabaho sa Dornbracht."""
"""From these facts, and considering the manner in which the beds of clean coral off Mauritius, Keeling Island, the Maldiva and Chagos atolls, graduated into a sandy slope, it appears very probable that the depth, at which reef-building polypifers can exist, is partly determined by the extent of inclined surface, which the currents of the sea and the recoiling waves have the power to keep free from sediment."""	"""Gikan sa sini nga mga kamatuoran, kag ginabinagbinag ang paagi sa diin ang mga higdaan sang matinlo nga korales sa higad sang Mauritius, Keeling Island, ang mga atoll sang Maldiva kag Chagos, naggradwar sa isa ka balasbalason nga bakilid, daw posible gid nga ang kadalumon, sa diin ang mga polypifer nga nagatukod sang reef mahimo magluntad, sa bahin ginapat-od sang kadakuon sang nagakiling nga nawong, nga ang mga sulog sang dagat kag ang gahum sa pagbawi sang dagat may gahum sa paghupot sang hilway nga mga balod gikan sa linugdang."""
It mainly draws a clear picture of the promises that it governs and relationships that people have with the institution.	Nagakuha ini sang maathag nga laragway sang mga saad nga ginadumalahan sini kag sang mga kaangtanan nga may yara ang mga tawo sa institusyon.
Generate sure the area is well-ventilated before beginning.	Siguraduhon nga ang lugar may maayo nga bentilasyon antes magsugod.
"""They actually work out more efficient than trains, given the infrastructure needs, but there's been almost no investment at all in 50 years."""	"""Sa pagkamatuod mas episyente sila sangsa mga tren, bangod sang mga kinahanglanon sa imprastraktura, apang halos wala sing pamuhunan sa sulod sang 50 ka tuig."""
The fleet manager waited a bus pass, rather than scientists tested why the moon has phases.	Ang manedyer sang armada naghulat sang bus pass, sa baylo nga gintestingan sang mga siyentipiko kon ngaa ang bulan may mga hugna.
"""Merchant says safety is of primary importance, not least of all to avoid potential problems from authorities and insurance companies."""	"""Siling ni Merchant ang kaluwasan amo ang panguna nga importansya, indi man labing importante agud malikawan ang posible nga mga problema gikan sa mga awtoridad kag mga kompanya sang seguro."""
It caters for students from Kindergarten to Grade 12.	Naga-cater ini sa mga estudyante halin sa Kindergarten tubtob sa Grade 12.
"""DENVER - Colorado health officials won't commit to increasing Medicaid coverage as called for by President Barack Obama's federal health-care law, saying it's too soon to know whether the state can afford to expand health care for the needy."""	"""DENVER - Ang mga opisyales sang ikaayong lawas sang Colorado indi magkomiter sa pagdugang sang Medicaid coverage suno sa ginapanawagan sang pederal nga kasuguan sa pag-atipan sa ikaayong lawas ni Presidente Barack Obama, nga nagasiling nga temprano pa nga mahibal-an kon bala ang estado makasarang sa pagpasangkad sang pag-atipan sa ikaayong lawas para sa mga nagakinahanglan."""
Those who voted while still at school were more likely to vote again.	Ang mga nagboto samtang nagaeskwela pa mas madali nga magboto liwat.
"""Given that much of the Northern Hemisphere is in the warmest portion of summer of the hottest year on record (thus far), it should not come as a surprise that there is a preponderance of major wildfires."""	"""Bangod ang kalabanan sang Naaminhan nga Hemispero yara sa pinakamainit nga bahin sang tig-ilinit sang pinakamainit nga tuig nga narekord (tubtob subong), indi dapat makibot nga may yara sang pagdamo sang dalagku nga mga sunog sa kagulangan."""
Surprisingly, a gentle breeze settled the flood-prone zones.	Sing makatilingala, ang isa ka mahinay nga huyop sang hangin nag-untat sa mga duog nga madali mabahaan.
"""The Charter defines the Council's powers in three major areas: legislation, land use, and the budget."""	"""Ang Charter nagahatag kahulugan sang mga gahum sang Konseho sa tatlo ka mayor nga mga lugar: lehislasyon, paggamit sang duta, kag ang badyet."""
Dose dependent respiratory depression - A decrease in tidal volume and respiratory rate happens within 30-60 seconds.	Dose dependent respiratory depression - Ang pagnubo sang tidal volume kag respiratory rate nagakatabo sa sulod sang 30-60 segundos.
Register early.	Magparehistro sing temprano.
"""After the transformation of these recombinants into XL1-Blue using the calcium chloride method, plasmid DNA was recovered and their nucleotide sequences were determined using a DNA Sequencer (Model 4000, LI-COR Inc., Lincoln, NE, USA)."""	"""Pagkatapos sang pagbag-o sining mga recombinant sa XL1-Blue gamit ang calcium chloride nga pamaagi, ang plasmid DNA narekober kag ang ila mga nucleotide sequences napat-od gamit ang DNA Sequencer (Model 4000, LI-COR Inc., Lincoln, NE, USA)."""
Let your child get used to the routine - something which he hasn't done at all until now.	Tuguti ang imo bata nga maanad sa rutina - isa ka butang nga wala pa niya nahimo tubtob subong.
"""Separately, papers on plasma islands were beginning to surface in scientific circles."""	"""Sa separado, ang mga papel sa mga isla sang plasma nagsugod sa pagguwa sa mga sirkulo sang siyensya."""
Do I Need to Learn About Indonesian grammar?	Kinahanglan Ko Bala Magtuon Parte sa Gramatika sang Indonesian?
"""Fruits and vegetables that are high in potassium, magnesium and calcium help us alkalize."""	"""Ang mga prutas kag mga utanon nga mataas sa potassium, magnesium kag calcium nagabulig sa aton nga mag-alkalize."""
Students also learn to write more efficient queries using the functions supporting the timezone and regular expressions.	Ang mga estudyante nagatuon man sa pagsulat sang mas episyente nga mga pamangkot gamit ang mga function nga nagasuporta sa timezone kag regular nga mga ekspresyon.
Practice declining.	Magpraktis sang pagnubo.
Severe hypersensitivity reactions to Cinryze may occur.	Ang grabe nga mga reaksyon sa sobra nga pagkasensitibo sa Cinryze mahimo nga matabo.
"""The Pembroke Seminar, a year-long forum bringing together faculty, postdoctoral fellows, graduate students, and select undergraduates to interrogate a common set of issues, is a continuing site of critical scholarship and intellectual excitement."""	"""Ang Pembroke Seminar, isa ka tuig nga forum nga nagatipon sang mga manunudlo, mga postdoctoral fellows, mga estudyante sa graduate, kag mga pinili nga mga undergraduates sa pag-usisa sang isa ka kinaandan nga hugpong sang mga isyu, isa ka nagapadayon nga duog sang kritikal nga iskolar kag intelektwal nga kakunyag."""
Pressure was brought to bear on the Belgians by the British government and changes were made.	Ang pag-ipit gindala sa mga Belgian sang gobyerno sang Britanya kag ang mga pagbag-o ginhimo.
Other types of Vitamins that will help fight croup are Vitamins E and A and Zinc.	Ang iban pa nga sahi sang Bitamina nga makabulig sa pagpakig-away sa croup amo ang Bitamina E kag A kag Zinc.
Without hesitation, the pottery class designed a handmade piece of furniture over several weekends.	Sa walay pagpangalag-ag, ang klase sang pottery nagdesinyo sang isa ka hinimo-sa-kamot nga muwebles sa sulod sang pila ka talipuspusan sang semana.
"""Moreover, since all the creatures in the cosmos and everything which they make or do are God's 'acts' (af'al), God is present everywhere and the all-inclusive name Allah may be used to denote the sum total of all things: divine Essence, divine names and divine acts."""	"""Dugang pa, sanglit ang tanan nga mga tinuga sa uniberso kag ang tanan nga ila ginahimo ukon ginahimo amo ang 'mga buhat' sang Dios (af'al), ang Dios yara bisan diin kag ang tanan nga nagalakip nga ngalan nga Allah mahimo gamiton sa pagpahangop sang kabug-usan sang tanan nga mga butang: diosnon nga Esensya, diosnon nga mga ngalan kag diosnon nga mga buhat."""
"""Exercise is an underutilized way to manage arthritis and other non-cancer-related joint pain, Bluethmann said."""	"""Ang pag-ehersisyo isa ka indi magamit nga paagi sa pagdumala sang arthritis kag iban pa nga indi may kaangtanan sa kanser nga kasakit sa lutalutahan, siling ni Bluethmann."""
"""The college now offers robust tutoring through the DoJo to help students with the challenging academic program, as well as comprehensive support for students with documented disabilities."""	"""Ang kolehiyo karon nagatanyag sang mabakod nga pagtudlo paagi sa DoJo sa pagbulig sa mga estudyante sa makahalangkat nga programa sa akademiko, subong man sang komprehensibo nga suporta para sa mga estudyante nga may nadokumento nga mga kasablagan."""
Ecuador said Assange had broken asylum conventions by continuing to interfere in other countries' affairs through the publishing of confidential information.	Ginpahayag ni Ecuador nga ginlapas ni Assange ang mga asylum conventions paagi sa padayon nga pagpanghilabot sa mga hilikuton sang iban nga pungsod paagi sa pagbalhag sang confidential nga impormasyon.
"""From rice fields to diesel-choked highways, those in need are being cared for through this extraordinary partnership, extending from one side of the world to the other."""	"""Halin sa mga humayan pakadto sa mga haywey nga may diesel, ang mga nagakinahanglan ginaatipan paagi sa sining tumalagsahon nga pag-updanay, nga nagalab-ot halin sa isa ka bahin sang kalibutan pakadto sa pihak."""
Several New England states have taken great strides to protect their skies.	Ang pila ka mga estado sang New England naghimo sang dalagku nga mga tikang sa pag-amlig sang ila kalangitan.
The pottery class played some cookies for the school art show.	Ang klase sang pottery nagtukar sang pila ka cookies para sa art show sang eskwelahan.
"""Chapter 13 - Repayment Plan Chapter 13 is a repayment plan for individuals with regular income and unsecured debt less than $336,900 and secured debt less than $1,010,650."""	"""Kapitulo 13 - Plano sa Pagbayad Ang Kapitulo 13 isa ka plano sa pagbayad para sa mga indibidwal nga may regular nga kita kag wala sing kasiguruhan nga utang nga mas manubo sa $336,900 kag may kasiguruhan nga utang nga mas manubo sa $1,010,650."""
"""In a 2003 study, Wisconsin's Department of Revenue estimated that the state's law has saved farmers a total of $644 million in avoided property taxes from 1996 to 2002."""	"""Sa isa ka pagtuon sang 2003, ang Department of Revenue sang Wisconsin nagbulubanta nga ang kasuguan sang estado nakaluwas sa mga mangunguma sang kabug-usan nga $644 milyones sa nalikawan nga buhis sa propiedad halin 1996 tubtob 2002."""
"""This document holds that, for the sake of liberty and unity, strict subscription to the Confession and the five fundamentals should not be required of all ordained ministers."""	"""Ini nga dokumento nagasiling nga, para sa kahilwayan kag paghiusa, ang estrikto nga pagsuskriber sa Pagkumpisar kag sa lima ka sadsaran indi dapat kinahanglanon sa tanan nga gin-ordinahan nga mga ministro."""
Several experts have argued that the mediator clarified a clear action plan using concrete examples and analogies.	Pila ka mga eksperto ang nangatarungan nga ang manugpatunga nagpaathag sang isa ka maathag nga plano sa paghulag gamit ang konkreto nga mga halimbawa kag mga analohiya.
My love is reading the book.	Si palangga ko nagabasa sang libro.
"""Gaming as Culture was intended to provide a serious, in-depth look at the culture of contemporary gaming."""	"""Ang Gaming as Culture gintuyo sa paghatag sang isa ka seryoso, madalom nga pagtan-aw sa kultura sang kontemporaryo nga paghampang."""
I really can't handle this now.	Indi ko gid ini makaya subong.
"""Science, technology and democracy in this context implies using the leverage of political power and donor money to offer users a simple choice: innovate or remain backward."""	"""Ang siyensya, teknolohiya kag demokrasya sa sini nga konteksto nagapahangop sang paggamit sang gahum sa politika kag kuwarta sang donor sa paghatag sa mga nagagamit sang simple nga pagpili: magbag-o ukon magpabilin nga atrasado."""
With calorie tracking we create an understanding of how food composition affects the body and why the quality and quantity of nutrients matter.	Paagi sa pagsubaybay sang kaloriya nagahimo kita sang paghangop kon paano ang komposisyon sang pagkaon nagaapektar sa lawas kag kon ngaa ang kalidad kag kadamuon sang mga sustansya importante.
"""Try to avoid wasted calories in sweet or starchy foods, such as cakes, bread, pasta, rice, processed cereals and potatoes."""	"""Tinguhai nga likawan ang mausik nga mga kaloriya sa matam-is ukon may starch nga mga pagkaon, pareho sang mga cake, tinapay, pasta, bugas, ginproseso nga mga cereal kag patatas."""
There he/she will work because it is getting dark.	Didto lang sia magtrabaho kay madulom na.
Convert a String into an Integer Data In this section you will learn to convert a string type of data to integer type data.	I-convert ang isa ka String sa isa ka Integer Data Sa sini nga seksyon matun-an mo ang pag-convert sang isa ka string nga sahi sang datos sa integer nga sahi sang datos.
The page rewrites the century as thought on the material depicting a registration of post thoughts formed to understand when the proceeding is developing off the use labor.	Ang pahina nagasulat liwat sang siglo bilang panghunahuna sa materyal nga nagalaragway sang isa ka rehistro sang mga panghunahuna sa post nga naporma sa paghangop kon san-o ang pagpadayon nagauswag gikan sa paggamit sang pagpangabudlay.
These three puzzles allow for fun in learning subtraction from numbers to 20.	Ining tatlo ka mga puzzle nagahatag sang kalingawan sa pagtuon sang pagbuhin gikan sa mga numero pakadto sa 20.
"""On the lower register is one row of hieroglyphs, facing to the right."""	"""Sa mas manubo nga rehistro amo ang isa ka laray sang mga hieroglyph, nga nagaatubang sa tuo."""
The Project has obtained many important texts from other scholars and welcomes new contributions and proposals for collecting more texts.	Ang Proyekto nakakuha sang madamo nga importante nga mga teksto gikan sa iban nga mga iskolar kag nagaabiabi sang bag-o nga mga kontribusyon kag mga panugda para sa pagtipon sang dugang nga mga teksto.
"""IV Sedation: Like oral sedatives, a drug is given through an IV."""	"""IV Sedation: Pareho sang oral sedatives, ang isa ka bulong ginahatag paagi sa IV."""
We will ride first at home.	Kami magsakay anay sa balay.
"""Folate is also what's found in your own body, and the pathway in your body that makes folate is called the methylation pathway."""	"""Ang folate amo man ang makita sa imo kaugalingon nga lawas, kag ang alagyan sa imo lawas nga nagahimo sang folate ginatawag nga methylation pathway."""
Unexpectedly, the keynote speaker negotiated the team's concerns in a professional and respectful tone.	Sa wala ginapaabot, ang keynote speaker nag-negosyar sang mga kabalaka sang grupo sa isa ka propesyonal kag matinahuron nga tono.
"""To repent we need to recognize and feel sorry for what we've done wrong, do whatever is possible to repair the damage it may have caused, and to leave our sinful behavior behind."""	"""Agod maghinulsol kinahanglan naton kilalahon kag magbatyag sing kaluoy sa aton nahimo nga sala, himuon ang bisan ano nga posible sa pagkay-o sang halit nga mahimo gintuga sini, kag biyaan ang aton makasasala nga pagginawi."""
"""Their sacred place was a double cave with which cup-marks in the rock were connected, and their pottery was rude; some of it was ornamented with streaks of red or black on a yellow or red wash."""	"""Ang ila sagrado nga duog isa ka doble nga kuweba nga sa diin ang mga marka sang kopa sa bato ginaangot, kag ang ila mga kulon bastos; ang iban sini ginapunihan sang mga guhit sang pula ukon itom sa isa ka dilaw ukon pula nga paghugas."""
It seems like an oral history project catalogued a previously unknown settlement.	Daw subong bala nga ang isa ka proyekto sa oral history nag-katalogo sang isa ka wala pa mahibaluan nga puluy-an.
Here they have used gene expression profiling by microarray analysis to identify gene expression profiles that can help to predict local recurrence in individual patients.	Diri gingamit nila ang gene expression profiling paagi sa microarray analysis sa pagkilala sang mga gene expression profile nga makabulig sa pagtagna sang lokal nga pagbalik sa indibidwal nga mga pasyente.
Do the players of these games develop distinct social groups?	Ang mga humalampang bala sining mga hampang nagapalambo sing tuhay nga mga grupo sosyal?
"""These have now become dispersed in a way that is not merely geographical; their attenuation reflects a basic alteration in the relationship between combatants and civilian populations, a change in scale embodied by the proliferation of drone warfare, for example."""	"""Ini karon nangin nagalinapta sa paagi nga indi lamang geograpiko; ang ila pag-untat nagapakita sang isa ka sadsaran nga pagbag-o sa kaangtanan sa tunga sang mga hangaway kag sibilyan nga populasyon, isa ka pagbag-o sa kadakuon nga ginalakip sang pagdamo sang inaway sang drone, halimbawa."""
"""Cradled in a cluster of 13 mountain peaks of the Aravalli ranges, the formidable medieval citadel - Kumbhalgarh stands a wary sentinel to the past."""	"""Nahamtang sa isa ka hugpong sang 13 ka putukputukan sang bukid sang mga kabukiran sang Aravalli, ang makahaladlok nga kuta sang Edad Media - ang Kumbhalgarh nagatindog nga isa ka mabinantayon nga bantay sa nagligad."""
Three portions of hot distilled water were used to complete the extraction by washing the residue obtained from the respective sample digestions.	Tatlo ka bahin sang mainit nga distilled water ang gingamit sa pagtapos sang pagkuha paagi sa paghugas sang residue nga nakuha gikan sa tagsa ka sample digestions.
"""To date, the debate on trust fund investment has been narrowly focused on the choice between holding stocks and holding government bonds."""	"""Tubtob subong, ang debate sa pamuhunan sa trust fund nasentro sing makitid sa pagpili sa tunga sang paghupot sang mga stock kag paghupot sang mga bond sang gobyerno."""
A standard car snow chain has a 9mm protrusion and so there needs to a gap of about 15mm between the inner edge of the tyre and any obstructions.	Ang isa ka kinaandan nga kadena sang niebe sang salakyan may 9mm nga protrusion kag gani kinahanglan ang isa ka kal-ang nga mga 15mm sa tunga sang nasulod nga ukbong sang goma kag sang bisan ano nga mga balagbag.
This is the enzyme that is critical for the absorption of minerals including calcium!	Amo ini ang enzyme nga importante sa pagsuyop sang mga mineral lakip ang calcium!
"""Software tell the drive what to do, and drive must obey the orders."""	"""Ang software nagasugid sa drive kon ano ang himuon, kag ang drive dapat magtuman sa mga mando."""
Thanks for framing sustainability as achievable, not overwhelming.	Salamat sa pag-frame sang sustainability bilang malab-ot, indi sobra.
"""Since this mindset is the fruit of humility, there is one primary place in Scripture to dwell upon in order to develop the doctrine of others-esteem."""	"""Bangod ini nga panghunahuna amo ang bunga sang pagkamapainubuson, may isa ka panguna nga duog sa Kasulatan nga dapat hunahunaon agod mapalambo ang doktrina sang pagtahod sa iban."""
"""At that time, the hospital would ask the fire department because it could not remove the ring from the pubic by means of medical equipment available."""	"""Sa sina nga tion, ang ospital magapamangkot sa departamento sang bombero bangod indi sini makuha ang singsing gikan sa pubic paagi sa mga kagamitan sa medisina nga magamit."""
Holding the fixed joint allows easy application because simple pressure against the wrist enables the single bar to release over the wrist and engage the ratchet.	Ang pag-uyat sang napat-od nga lutalutahan nagapahanugot sang mahapos nga aplikasyon bangod ang simple nga pag-ipit batok sa pulso nagapahanugot sa isa ka bar nga magguwa sa ibabaw sang pulso kag mag-engage sa ratchet.
"""While psychoeducational interventions are often successful in increasing knowledge and changing attitudes towards dating violence, the current consensus is that they are not enough (in and of themselves) to reduce the actual behavior of dating violence."""	"""Samtang ang mga interbensyon sa psychoeducational masami nga madinalag-on sa pagdugang sang ihibalo kag pagbag-o sang mga panimuot sa kasingki sa pag-date, ang karon nga paghilisugot amo nga indi ini bastante (sa ila kaugalingon) sa pagpanubo sang aktwal nga pamatasan sang kasingki sa pag-date."""
Clinical Rheumatology 27:391-404.	Clinical Rheumatology 27:391-404.
Only three colors of paint were used to create these paintings.	Tatlo lang ka duag sang pintura ang gingamit sa paghimo sini nga mga painting.
The Theory of Evolution states that the fossil record should show a gradual (or occasionally a leaping) change from one species to another.	Ang Teoriya sang Ebolusyon nagasiling nga ang rekord sang fossil dapat magpakita sing amat-amat (ukon kon kaisa nagalumpat) nga pagbag-o gikan sa isa ka espesyi pakadto sa isa pa.
"""Your hard drive (the drive inside your Computer icon) is known as the (C:, D:, E: ) drive."""	"""Ang imo hard drive (ang drive sa sulod sang imo Computer icon) kilala bilang (C:, D:, E: ) drive."""
Over the weekend, the specialist administered the multimodal pain management protocol.	Sa katapusan sang semana, ang espesyalista naghatag sang multimodal nga protocol sa pagdumala sang kasakit.
That sounds a lot like scientists have figured out how to grow a human brain.	Daw pareho lang nga nahangpan sang mga sientipiko kon paano padakuon ang utok sang tawo.
Hafiz Kamaluddin took care of these children and taught them in this madrasa.	Si Hafiz Kamaluddin ang nag-atipan sa sini nga mga kabataan kag nagtudlo sa ila sa sini nga madrasa.
They are talking loudly.	Gahod sang istoriya nila.
"""With a population of more than 77,000 people, Brooklyn Park is the sixth-largest city in Minnesota and the fourth largest in the metropolitan area."""	"""Sa populasyon nga kapin sa 77,000 ka tawo, ang Brooklyn Park amo ang ikaanom nga pinakadaku nga siudad sa Minnesota kag ikaapat nga pinakadaku sa metropolitan nga lugar."""
Pipes full of refrigerant connect the components and other pipes connect with your home's furnace.	Ang mga tubo nga puno sang refrigerant nagaangot sa mga bahin kag ang iban nga mga tubo nagaangot sa hurno sang imo puluy-an.
"""Arguably, the tradition of the Judeo-Christian West has been special because it has asserted that human nature is not particularly special."""	"""Mahimo nga ang tradisyon sang Judeo-Christian West nangin pinasahi bangod ginpahayag sini nga ang kinaugali sang tawo indi gid pinasahi."""
"""More than 1,000 pages from the FBI investigation into the attack on the Freedom Riders bus outside Anniston on May 14, 1961."""	"""Kapin sa 1,000 ka pahina gikan sa imbestigasyon sang FBI sa pag-atake sa bus sang Freedom Riders sa guwa sang Anniston sang Mayo 14, 1961."""
"""January 26, 1904 was likely the coldest in state history."""	"""Ang Enero 26, 1904 amo ang pinakamatugnaw sa maragtas sang estado."""
When is the trip tomorrow?	San-o ang byahe buwas?
My colleague recently politely enquired whether permission to leave early after waiting patiently for assistance.	Ang akon kaupod sa trabaho sining karon lang matinahuron nga namangkot kon bala may pahanugot nga maghalin sing temprano pagkatapos maghulat sing mapailubon para sa bulig.
Yes, with valid ID you receive 10% off plus free shipping.	Huo, sa balido nga ID makabaton ka sang 10% nga diskwento kag libre nga pagpadala.
"""From the colonial period to the Great Depression, lay midwives attended a large proportion of deliveries that occurred in the United States."""	"""Halin sang panahon sang kolonyal tubtob sa Daku nga Depresyon, ang mga layko nga partera nagtambong sa daku nga bahin sang mga pagpanganak nga natabo sa Estados Unidos."""
"""IPRs are a powerful means to restrict the access, exchange and creation of knowledge and knowledge-based good or conversely to enable equitable access and ensure creativity and innovation."""	"""Ang mga IPR isa ka gamhanan nga paagi sa pagpugong sang pag-angkon, pagbayluhanay kag paghimo sang ihibalo kag maayo nga nakabase sa ihibalo ukon sa pihak nga bahin agud mapahanugutan ang patas nga pag-angkon kag masiguro ang pagkamamugnaon kag kabag-ohan."""
The United States was created by immigrants.	Ang Estados Unidos gintuga sang mga imigrante.
"""Dr. Mehmet Oz, CardiologyAtrial fibrillation (AF) is an irregular heartbeat in which the upper chambers of the heart, called the atria, quiver instead of contracting normally."""	"""Dr. Mehmet Oz, Cardiology Ang atrial fibrillation (AF) isa ka indi regular nga pitik sang tagipusuon sa diin ang ibabaw nga mga hulot sang tagipusuon, nga ginatawag atria, nagakurog sa baylo nga magkontrata sing normal."""
"""Since 2002, programs supported by the Global Fund have saved an estimated 8.7 million lives."""	"""Sugod sang 2002, ang mga programa nga ginasuportahan sang Global Fund nakaluwas sang ginabanta 8.7 milyones ka kabuhi."""
The use of medicines supplies a sensation of acceptance and feeling of momentary self-assured.	Ang paggamit sang mga bulong nagahatag sang isa ka sensasyon sang pagbaton kag balatyagon sang makadali nga pagsalig sa kaugalingon.
These words are learned through pressing the pictures on each page.	Ini nga mga tinaga matun-an paagi sa pagpindot sang mga laragway sa tagsa ka pahina.
No, go ahead.	Indi, sige lang.
With fresh eyes, the jury asked the contract without any legal help.	Sa preska nga mga mata, ang hurado namangkot sang kontrata nga wala sing bisan ano nga legal nga bulig.
"""However, the competitive environment, government policy and available infrastructure mean that North America will dominate the production of shale gas and tight oil for some time to come."""	"""Apang, ang kompetisyon nga palibot, polisiya sang gobyerno kag magamit nga imprastraktura nagakahulugan nga ang North America magadominar sa produksyon sang shale gas kag tight oil sa pila ka tion nga magaabot."""
These factors resulted in conservation and long-term preservation of multiple archaic elements of their traditional culture.	Ini nga mga kabangdanan nagresulta sa pagtipig kag malawig nga pagpreserbar sang madamo nga dumaan nga mga elemento sang ila tradisyonal nga kultura.
"""They have been incrementally applied thus far, successfully keeping the population passive and avoiding any large-scale civilian unrest, while effectively reducing living standards for the majority of the population."""	"""Sila amat-amat nga gin-aplikar tubtob subong, madinalag-on nga nagahupot sang populasyon nga pasibo kag nagalikaw sa bisan ano nga daku nga kagamo sa sibilyan, samtang epektibo nga nagapanubo sang mga talaksan sang pagkabuhi para sa kadam-an sang populasyon."""
"""As an educator and like Learning Master, I would do needs analysis of my students to gauge their proficiency in order to improve their communicative skills in English."""	"""Bilang isa ka manunudlo kag pareho sang Learning Master, magahimo ako sang pag-analisar sang mga kinahanglanon sang akon mga estudyante agud mahibaluan ang ila ikasarang agud mapauswag ang ila mga ikasarang sa komunikasyon sa Ingles."""
"""Known factors include advanced maternal and paternal age, genetic competency of embryo(s), uterine abnormalities including congenital defects, fibroid tumors and polyps, chronic infections and inflammation of the fallopian tubes as well as the tissue lining the inside of the uterus (endometrium), autoimmune factors, hormone abnormalities, obesity, and environmental toxins including maternal tobacco, alcohol and drug use."""	"""Ang mga nahibaluan nga mga kabangdanan nagalakip sang tigulang nga edad sang iloy kag amay, ikasarang sa genetiko sang (mga) embryo, mga abnormalidad sa matris lakip ang mga depekto sa pagkabun-ag, mga tumor kag mga polyp sa fibroid, mga impeksion kag panghubag sang mga fallopian tube subong man ang tisyu nga nagalinya sa sulod sang matris (endometrium), mga kabangdanan sang autoimmune, mga abnormalidad sa hormone, mga hilo kag mga hilo sa palibot lakip ang paggamit sang tabako, alkohol kag droga sang iloy."""
"""In The Battle for the Bs, Blair Davis analyzes how B-films were produced, distributed, and exhibited in the 1950s and demonstrates the possibilities that existed for low-budget filmmaking at a time when many in Hollywood had abandoned the Bs."""	"""Sa The Battle for the Bs, gin-analisar ni Blair Davis kon paano ang mga B-film ginhimo, ginpanagtag, kag ginpakita sang dekada 1950 kag ginpakita ang mga posibilidad nga nagaluntad para sa manubo nga badyet nga paghimo sang pelikula sa tion nga madamo sa Hollywood ang nagbiya sa mga B."""
Obligate biotrophy features unraveled by the genomic analysis of rust fungi.	Ang obligado nga mga bahin sang biotrophy nga nabuksan sang pag-analisar sang genomic sang rust fungi.
Bone density was unchanged in the remaining subjects (Figure 6).	Ang densidad sang tul-an wala magbag-o sa nabilin nga mga subject (Figure 6).
"""An entire class of women was condemned in a fashion just as separatist, just as elitist and just as noxious as that of the men who Greer and Raymond were declaring their separate identity from."""	"""Ang isa ka bug-os nga klase sang mga kababayin-an ginpakamalaut sa isa ka paagi nga pareho ka separatista, pareho ka elitista kag pareho ka makahalalit sa mga lalaki nga ginadeklarar nanday Greer kag Raymond ang ila separado nga identidad."""
A few days ago, the new head of year contextualised a structured argument for the debate.	Sang nagligad nga pila ka adlaw, ang bag-o nga pangulo sang tuig nagkonteksto sang isa ka istrukturado nga argumento para sa debate.
I truly appreciate your thoughtfulness.	Ginaapresyar ko gid ang imo pagkamahunahunaon.
Once the transition is complete, a sculptor may deconstructed the aesthetic conventions of the dialectic between form and content in contemporary sculpture engaging critically with the canon of Western art history.	Kon matapos na ang pagbalhin, ang isa ka eskultor mahimo nga mag-deconstruct sang mga aesthetic conventions sang dialectic sa tunga sang porma kag kaundan sa kontemporaryo nga eskultura nga naga-engage sing kritikal sa kanon sang Western art history.
"""To protect their new-born child, Jor-El (Crowe) and his wife Lara launch a spacecraft carrying their son Kal-El (Cavill) to Earth, in order to secure the fate of their race."""	"""Agod maprotektahan ang ila bag-ong bun-ag nga bata, si Jor-El (Crowe) kag ang iya asawa nga si Lara naglansar sang isa ka salakyan sa kahawaan nga nagadala sang ila anak nga si Kal-El (Cavill) pakadto sa Duta, agud masiguro ang kapalaran sang ila rasa."""
"""Put in more formal theological language, this is the question concerning the discernment of God's will."""	"""Sa mas pormal nga teolohiko nga hambal, amo ini ang pamangkot nahanungod sa paghantop sang kabubut-on sang Dios."""
The church today is a very simple building with a seating capacity which has been reduced from the seven hundred seats when it was built to the present one hundred and seventy seats.	Ang simbahan karon isa ka simple nga tinukod nga may kapasidad sa pagpungko nga ginbuhinan gikan sa pito ka gatos ka pulungkuan sang ini gintukod tubtob sa karon isa ka gatos kag kapitoan ka pulungkuan.
"""Further, contrition can be so great as to blot out both guilt and punishment."""	"""Dugang pa, ang paghinulsol mahimo nga tuman kadaku nga makapanas sang sala kag silot."""
As a matter of fact, my friend asked some worrying thoughts.	Sa pagkamatuod, ang akon abyan namangkot sing pila ka makahalanusbo nga mga panghunahuna.
"""When asked to name a flower beginning with 'C' one of my students could have said 'carnation' or 'crocus' or even 'camomile', but instead he chose to answer 'casablanca' I know Casablanca is one of the main cities of Morocco, and I know it is a Spanish word meaning 'white house' (or house white), but I never knew it was a flower."""	"""Sang ginpangabay nga hingalanan ang isa ka bulak nga nagasugod sa 'C' ang isa sang akon mga estudyante mahimo nga magsiling 'carnation' ukon 'crocus' ukon bisan 'camomile', apang sa baylo ginpili niya nga magsabat sang 'casablanca' Nahibaluan ko nga ang Casablanca isa sa mga mayor nga siudad sang Morocco, kag nahibal-an ko nga isa ini ka Espanyol nga tinaga nga nagakahulugan 'puti nga balay), apang wala ko gid ini nahibal-an isa ka bulak."""
Having to rely on spouses for income or support can also make people more likely to report domestic violence.	Ang pagsalig sa mga tiayon para sa kita ukon suporta mahimo man nga makahimo sa mga tawo nga mas madali nga magreport sang kasingki sa puluy-an.
"""In 2002, Dr. Alain Cribier performed first-in-human transcatheter aortic valve replacement (TAVR)."""	"""Sang 2002, si Dr. Alain Cribier naghimo sang una nga transcatheter aortic valve replacement (TAVR) sa tawo."""
Thanks for championing responsible innovation.	Salamat sa pag-amlig sang responsable nga kabag-ohan.
Are truck drivers paid hourly?	Ang mga drayber bala sang trak ginabayaran kada oras?
That's a healthy choice! What will you do instead?	Isa ina ka makapapagros nga pagpili! Ano ang himuon mo sa baylo?
"""And then the unthinkable happened: the U.S. Drug Administration discovered in 1996 that the foil-like wrapper of Storck menthol candy had a high amount of lead-toxic enough to cause long-term learning and behavioral problems, among others."""	"""Kag dayon ang indi mahunahuna natabo: ang U.S. Drug Administration natukiban sang 1996 nga ang foil-like wrapper sang Storck menthol candy may mataas nga kadamuon sang tingga-makahililo nga makatuga sang malawig nga mga problema sa pagtuon kag pamatasan, kag iban pa."""
"""Moreover, LRCs are shorter than expected from random networks and the number of transcriptional regulators is higher for genes deeper in the longest LRCs (Figure 5C)."""	"""Dugang pa, ang mga LRC mas malip-ot sangsa ginapaabot gikan sa mga random nga network kag ang kadamuon sang mga transcriptional regulator mas mataas para sa mga gene nga mas madalom sa pinakamalaba nga LRC (Figure 5C)."""
"""The reader features a well-written introduction, 31 pages of Classical Greek text followed by 35 pages of line notes and a useful vocabulary."""	"""Ang bumalasa nagapakita sang isa ka maayo nga nasulat nga introduksyon, 31 ka pahina sang Klasiko nga Griego nga teksto nga ginasundan sang 35 ka pahina sang mga nota sa linya kag isa ka mapuslanon nga bokabularyo."""
I believe Shakespeare's wording and placement of different phrases show the reader how significant the relationship between two people can be.	Nagapati ako nga ang mga tinaga kag pagbutang ni Shakespeare sang nagkalainlain nga mga dinalan nagapakita sa bumalasa kon daw ano ka importante ang kaangtanan sa tunga sang duha ka tawo.
"""Pierre-Simon Laplace, as quoted in Calculus Gems (1992)."""	"""Pierre-Simon Laplace, suno sa ginbalikwat sa Calculus Gems (1992)."""
Without hesitation, the forecast settled the transport network after a long dry spell.	Sa walay pagpangalag-ag, ang forecast naghusay sang transport network pagkatapos sang malawig nga tigpalamangag.
Infective endocarditis due to Leptotrichia buccalis: a case report.	Infective endocarditis bangud sa Leptotrichia buccalis: isa ka report sang kaso.
It is really better to ask for a discount at the vegetable stall because there are many people this morning.	Mas maayo gid nga mangayo sing diskwento sa tindahan sang utan kay damo ang tawo subong nga aga.
Summary:ZhangJiaJie National Forest Park is the first established National Forest Park in China.	Summary: Ang ZhangJiaJie National Forest Park amo ang una nga natukod nga National Forest Park sa China.
"""The storm, referred to as the Great White Hurricane, paralyzed the East Coast from the Chesapeake Bay to Maine, as well as the Atlantic provinces of Canada."""	"""Ang bagyo, nga ginatawag nga Great White Hurricane, nagparalisa sang Sidlangan nga Baybayon halin sa Chesapeake Bay pakadto sa Maine, subong man sang mga probinsya sang Atlantiko sang Canada."""
"""They have pleaded, some for a less and some for a greater degree of equality among the members of the community; and they have considered this equality as infringed or endangered by enormous taxation, and the prerogatives and privileges of monarchs and aristocratical bodies."""	"""Nagpakiluoy sila, ang iban para sa mas manubo kag ang iban para sa mas daku nga kasangkaron sang pagkapatas sa tunga sang mga katapo sang komunidad; kag ginkabig nila ini nga pagkapatas nga ginlapas ukon yara sa katalagman sang daku nga pagbuhis, kag sang mga prerogatibo kag mga pribilehiyo sang mga monarka kag mga aristokratiko nga mga lawas."""
We will sit in the room because he/she is laughing.	Sa kwarto kami mapungko kay nagakadlaw sia.
"""There are 3,000 census records available for the last name Chawla."""	"""May yara 3,000 ka mga rekord sang sensus nga magamit para sa apelyido nga Chawla."""
But the choice of median income as a reference level has a wider significance.	Apang ang pagpili sang median nga kita bilang isa ka lebel sang reperensya may mas malapad nga kahulugan.
St. Verena was interested in serving the poor and offered them food.	Interesado si Santa Verena sa pagserbisyo sa mga imol kag nagtanyag sa ila sang pagkaon.
All examples are 15+ languages with the United States and human grey books.	Ang tanan nga mga halimbawa 15+ ka mga lenguahe nga may Estados Unidos kag human grey nga mga libro.
"""As such, the present study does not prove that improved IQ or executive functions are caused by the study of music."""	"""Bilang amo sini, ang karon nga pagtuon wala nagapamatuod nga ang pag-uswag sang IQ ukon mga executive functions ginatuga sang pagtuon sa musika."""
Cover and reduce the heat to low.	Tabuni kag pahinayon ang kalayo sa manubo.
Consider steering clear of food products that could set off common food allergies.	Hunahunaa ang paglikaw sa mga produkto sa pagkaon nga mahimo makatuga sang kinaandan nga mga alerdyi sa pagkaon.
By the time spring arrived, the hotel staff planned the historic city centre.	Sang nag-abot ang tigpamulak, ginplano sang mga tinawo sang hotel ang makasaysayan nga sentro sang siudad.
Our suggested next lesson is on the past simple and past continuous.	Ang amon ginapanugda nga masunod nga leksyon amo ang past simple kag past continuous.
Maybe it is more appropriate for us to walk slowly near the window because I want to hear your heart.	Basi mas husto nga kita anay maglakat sing mahinay sa may bintana kay gusto ko nga mabatian ang imo tagipusuon.
"""Of course it was the precision of his thinking, using the exactness of his mathematical logic, that gave Peano this clarity of thought."""	"""Siyempre ang katukma sang iya panghunahuna, gamit ang pagkasibu sang iya lohika sa matematika, amo ang naghatag kay Peano sini nga katin-awan sang panghunahuna."""
The study was published in the journal Nutrition Reviews.	Ang pagtuon ginbalhag sa journal nga Nutrition Reviews.
"""While you may not always be able to control the outcome of situations, you do have a choice about how you react to it, says Dr. Holstein."""	"""Samtang indi mo pirme makontrol ang resulta sang mga sitwasyon, may pililian ka kon paano ka maghulag sa sini, siling ni Dr. Holstein."""
A warm golden light settled over the courtyard in the late afternoon. a documentary filmmaker documented the economic conditions of the period using newly declassified documents.	Ang isa ka mainit nga bulawanon nga kapawa nagtupa sa ibabaw sang patyo sang hapon na. ang isa ka manughimo sang dokumentaryo nagdokumento sang mga kahimtangan sa ekonomiya sadto nga panahon gamit ang bag-o nga gin-declassify nga mga dokumento.
The current evidence base is not strong-being limited to registry data and small short-term trials in selected populations (10).	Ang karon nga basehan sang ebidensya indi mabakod-nga limitado sa datos sang rehistro kag magagmay nga malip-ot nga mga pagtilaw sa pinili nga mga populasyon (10).
The best way to treat a malfunctioning LES is through diet.	Ang pinakamaayo nga paagi sa pagbulong sang isa ka malfunctioning LES amo ang paagi sa pagkaon.
"""It also supplies Vitamin B12, the only nutrient missing from a purely plant-based diet."""	"""Nagahatag man ini sang Vitamin B12, ang lamang nga sustansya nga kulang sa isa ka puro nga pagkaon nga nakabase sa tanum."""
Dr Zakir Naik - Prophecies of Muhammad (pbuh) in the Hindu scriptures convinces a Hindu Girl to enter the fold of Islam.	Si Dr Zakir Naik - Mga Tagna ni Muhammad (pbuh) sa Hindu nga mga kasulatan nagakumbinsi sa isa ka Hindu nga Babayi nga magsulod sa panong sang Islam.
"""Neurology facilities include electroencephalography, electromyography and evoked response laboratories."""	"""Ang mga pasilidad sa neurology nagalakip sang electroencephalography, electromyography kag mga laboratoryo sang evoked response."""
"""As a result, large amounts of dollars are being brought into the United States to be deposited in U.S banks."""	"""Bangod sini, madamo nga dolyar ang ginadala sa Estados Unidos agod ideposito sa mga bangko sang Estados Unidos."""
Could you clarify the full warranty coverage details for accidental device damage comprehensively?	Mahimo mo bala ipaathag ang bug-os nga mga detalye sang coverage sang garantiya para sa aksidente nga kahalitan sang device sing komprehensibo?
"""Struggle against terror has now become a mind battle and in this sense, preventive measures can be taken by establishing strategic foresight centers in the name of security."""	"""Ang paghimakas batok sa terorismo nangin isa na karon ka inaway sa hunahuna kag sa sini nga kahulugan, ang mga tikang sa pagtapna mahimo paagi sa pagtukod sang estratehiko nga mga sentro sang pagtan-aw sa ngalan sang seguridad."""
In many cases, teachers across the country started the new curriculum in primary schools.	Sa madamo nga mga kaso, ang mga manunudlo sa bug-os nga pungsod nagsugod sang bag-o nga kurikulum sa mga eskwelahan sa primarya.
The examples are divided into three sections loosely based on their complexity.	Ang mga halimbawa gintunga sa tatlo ka seksyon base sa ila pagkakomplikado.
Only yesterday, our family doctor monitored the treatment plan.	Kahapon lang, ginbantayan sang amon doktor sang pamilya ang plano sa pagbulong.
"""MORPHOLOGY: Megaladapis edwardsi had molars that were narrow with well-developed shearing crests (Fleagle, 1988)."""	"""MORPOLOHIYA: Ang Megaladapis edwardsi may mga molar nga makitid nga may maayo nga naugmad nga mga shearing crest (Fleagle, 1988)."""
"""All this information is making it more complicated for doctors to diagnose, treat and prescribe like they used to."""	"""Ini tanan nga impormasyon nagahimo sini nga mas komplikado para sa mga doktor sa pagdayagnos, pagbulong kag pagreseta pareho sang una."""
"""But much like in neighboring India, chemical-based fertilizers are becoming an important tool in feeding the region's growing population."""	"""Apang pareho sa kaiping nga India, ang mga abono nga nakabase sa kemikal nangin isa ka importante nga galamiton sa pagpakaon sa nagadamo nga populasyon sang rehiyon."""
"""Johns Hopkins Medicine Office of Communications and Public Affairs Media Contact: Joanna Downer April 22, 2004 GENOME-WIDE SCREEN REVEALS NEW TRICKS OF OLD GENES Process Shows How Mounds of Data Can Be Effectively Managed Johns Hopkins scientists have successfully used new techniques to search the yeast genome for genes that help keep copied chromosomes together, protecting the integrity of the organism's genetic material during cell division."""	"""Johns Hopkins Medicine Office of Communications and Public Affairs Media Contact: Joanna Downer Abril 22, 2004 GENOME-WIDE SCREEN NAGAPAHAYAG SANG BAG-O NGA MGA TRICKS OF OLD GENES Proseso Nagapakita Kon Paano Ang mga Mounds of Data Mahimo Madumalahan sing Epektibo Si Johns Hopkins madinalag-on nga naggamit sang bag-o nga mga teknik sa pagpangita sang bag-o nga mga teknik sa pagpangita sing madinalag-on ang genome sang lebadura para sa mga gene nga nagabulig sa paghupot sang ginkopya nga mga chromosome nga magkaupod, nga nagaamlig sang integridad sang genetic nga materyal sang organismo sa tion sang pagbahinbahin sang selula."""
"""Attendees will work closely with their teacher on writing they have submitted in advance of the workshop, as well as exercises done during the week."""	"""Ang mga nagtambong magatrabaho sing suod upod sa ila manunudlo sa pagsulat nga ila ginsumiter antes sang workshop, subong man sa mga ehersisyo nga ginhimo sa sulod sang semana."""
Compared to last year, our family doctor recommended the dosage instructions following the standard care protocol.	Kon ipaanggid sang nagligad nga tuig, ang amon doktor sang pamilya nagrekomendar sang mga instruksyon sa dosis nga nagasunod sa kinaandan nga protocol sa pag-atipan.
But what you see in the book of Exodus is something that's very akin to a Piagetian stage transition.	Apang ang imo makita sa libro sang Exodo isa ka butang nga kaanggid gid sa isa ka Piagetian nga pagbalhin sa entablado.
An all-out Turkish attempt to make Ankara the central player in the new broader Middle East will inevitably mean a continuation and likely hardening of Turkey's opposition to Israeli policies and its nuclear arsenal.	Ang bug-os nga pagtinguha sang Turkey nga himuon ang Ankara nga sentro nga humalampang sa bag-o nga mas malapad nga Natung-an nga Sidlangan indi malikawan nga magakahulugan sang pagpadayon kag posible nga pagpatig-a sang pagpamatok sang Turkey sa mga polisa sang Israel kag sa iya nukleyar nga arsenal.
The Sumerian King List is one of the most fascinating archaeological discoveries ever unearthed by researchers.	Ang Sumerian King List isa sang pinakamakawiwili nga mga tukib sa arkeolohiya nga nakutkutan sang mga manugpanalawsaw.
Something I have noticed is that the gamer played the first mission.	Ang isa ka butang nga akon natalupangdan amo nga ang humalampang nagdula sang una nga misyon.
Despite the circumstances, a public speaker nodded a simple idea with a smile.	Bisan pa sang mga sirkumstansya, ang isa ka humalambal sa publiko nagtango sang isa ka simple nga ideya nga may yuhum.
"""The small size of their domestic markets, limited natural and human resources, and high transaction costs, such as those for transport, have discouraged FDI flows, which declined by 35% to $5 billion in 2009 (table 1)."""	"""Ang gamay nga kadakuon sang ila mga merkado sa sulod sang pungsod, limitado nga natural kag tawhanon nga mga manggad, kag mataas nga gasto sa transaksyon, pareho sang mga para sa transportasyon, nagpaluya sang mga pag-ilig sang FDI, nga nagnubo sang 35% sa $5 bilyones sang 2009 (table 1)."""
A lot of people feel that our parents facilitated open dialogue about long-term financial planning for the family.	Madamo nga mga tawo ang nagabatyag nga ang aton mga ginikanan nagpatigayon sang bukas nga paghambalanay nahanungod sa malawig nga pinansyal nga pagplano para sa pamilya.
Experiments were made with Girard when the glass tubes were hermetically sealed and also when not.	Ang mga eksperimento ginhimo upod kay Girard sang ang mga tubo nga bildo ginsirado sing hermetically kag kon wala man.
The virus is also an important threat to bird populations.	Ang virus isa man ka importante nga pamahog sa populasyon sang mga pispis.
It's our genuine privilege to support your informed, confident, well-considered decisions always.	Pribilehiyo namon nga suportahan ang imo mga desisyon nga may ihibalo, may pagsalig, kag ginbinagbinag sing maayo.
I don't know this.	Indi ko kabalo sini.
"""This is simply the objective's focal length divided by that of the eyepiece, which you'll find on its barrel."""	"""Ini ang focal length sang objective nga gintunga sa eyepiece, nga makita mo sa bariles sini."""
"""It is the Most High, as we saw back in verse 17, who establishes rulers."""	"""Ang Labing Mataas, subong sang nakita naton sa bersikulo 17, amo ang nagatukod sang mga manuggahom."""
"""Detectors at particle-physics laboratories produce so much data that no machine can store it all, even temporarily, and so preliminary filtering is done by programs that analyze signals on the fly."""	"""Ang mga detektor sa mga laboratoryo sang particle-physics nagapatubas sing madamo nga datos nga wala sing makina nga makatipig sini tanan, bisan temporaryo lang, kag gani ang una nga pagsala ginahimo sang mga programa nga naga-analisar sang mga signal sa paglupad."""
The tech giant has revealed it is working with British think tanks to explore how it can help rural towns and farming communities get the most out of the digital age.	Ginbuyagyag sang tech giant nga nagatrabaho ini upod sa mga British think tank sa pag-usisa kon paano ini makabulig sa mga banwa sa kaumhan kag mga komunidad sang mga mangunguma nga makakuha sang pinakamaayo gikan sa digital nga panahon.
"""For every service member who dies in battle, 25 veterans die by their own hands."""	"""Sa tagsa ka katapo sang serbisyo nga napatay sa inaway, 25 ka beterano ang napatay sa ila kaugalingon nga mga kamot."""
Critical analysis of a literature review is of the essence.	Ang kritikal nga pag-analisar sang isa ka pagrepaso sang literatura amo ang esensya.
Some estimates are higher for children in early grade school years.	Ang iban nga mga pagbanta mas mataas para sa mga kabataan sa temprano nga mga tuig sang pag-eskwela.
"""For Poulson-Bryant and other men of his generation, society's deep-seated obsession with the sexual powers of black men has had an enormous, if often deceptive, influence on how they perceive themselves and on the assumptions made by others."""	"""Para kay Poulson-Bryant kag sa iban pa nga mga lalaki sang iya henerasyon, ang madalom nga pagkagusto sang katilingban sa mga gahum sa sekso sang itom nga mga lalaki may daku, kon masami nga malimbungon, nga impluwensya sa kon paano nila ginatamod ang ila kaugalingon kag sa mga pagpati nga ginhimo sang iban."""
Pickwick Landing Dam's first turbine was the largest of its kind in the country when it was installed; its runner was more than 24 feet in diameter.	Ang una nga turbina sang Pickwick Landing Dam amo ang pinakadaku sa iya sahi sa pungsod sang ginbutang ini; ang runner sini kapin sa 24 ka tapak ang diametro.
They rode a bus going to Manila.	Nagsakay sila sang bus papunta sa Manila.
"""The oil and natural gas industry in Ohio also paid more than $910 million in state and local taxes in 2011, according to a separate study by the global information and research firm IHS."""	"""Ang industriya sang langis kag natural gas sa Ohio nagbayad man sing kapin sa $910 milyones sa buhis sang estado kag lokal sang 2011, suno sa isa ka separado nga pagtuon sang pangkalibutanon nga impormasyon kag pagpanalawsaw nga IHS."""
"""If your doctor doesn't find an arrhythmia with a heart-monitoring test, he or she might use a stress test, a tilt table test, or do an electrophysiology study."""	"""Kon ang imo doktor wala makakita sang arrhythmia nga may heart-monitoring test, mahimo sia maggamit sang stress test, tilt table test, ukon maghimo sang pagtuon sa electrophysiology."""
This webinar will discuss characteristics and behaviors that will help early interventionists identify and support infants and toddlers who have vision and hearing loss.	Ini nga webinar magahambal sang mga kinaiya kag mga pamatasan nga makabulig sa mga temprano nga mga interbensyonista sa pagkilala kag pagsuporta sa mga lapsag kag mga lapsag nga may pagkadula sang panan-awan kag palamatin-an.
"""And so we learn about the kingdom in parables and mysteries-the mystery of the seed that somehow grows in the quiet and dark, or the mighty mustard plant emerging from the tiniest of seeds."""	"""Kag gani natun-an naton ang nahanungod sa ginharian sa mga paanggid kag mga misteryo-ang misteryo sang binhi nga bisan paano nagatubo sa malinong kag kadulom, ukon ang gamhanan nga tanom nga mustasa nga nagaguwa gikan sa pinakagamay nga mga liso."""
Simpson noted that using gender-detection blood testing for medical or other reasons has not been endorsed by guideline-setting medical groups and some experts consider it experimental.	Ginhatagan pagtamod ni Simpson nga ang paggamit sang gender-detection blood testing para sa medikal ukon iban pa nga mga rason wala gin-endorso sang mga grupo sa medisina nga nagabutang sang pagsulundan kag ginakabig ini sang pila ka mga eksperto nga eksperimento.
I once read about a researcher who stumbled upon a discovery entirely by accident. our school canteen artisanally produced an umami-layered broth using traditional Japanese dashi while honouring the cultural origins of the dish.	Isa ka bes nabasa ko ang parte sa isa ka manugpanalawsaw nga natukiban sing aksidente. ang amon kantina sa eskwelahan artisanal nga naghimo sang sabaw nga may umami gamit ang tradisyonal nga Hapon nga dashi samtang ginapadunggan ang ginhalinan sang kultura sang putahe.
Four Corners - A pattern where you must cover the corner numbers of the card.	Apat ka Kanto - Isa ka sulundan sa diin dapat mo tabunan ang mga numero sang kanto sang kard.
"""Switzerland requested goals on forest cover and quality, and on establishing the relevance of forests to sustainable development."""	"""Ang Switzerland nagpangabay sang mga katuyuan sa tabon kag kalidad sang kagulangan, kag sa pagtukod sang kaangtanan sang mga kagulangan sa tayuyon nga pag-uswag."""
Evidence shows that financial incentives can be effective in changing health-related behaviour in the short term.	Ginapakita sang ebidensya nga ang pinansyal nga mga insentibo mahimo nga epektibo sa pagbag-o sang pamatasan nga may kaangtanan sa ikaayong lawas sa malip-ot nga panahon.
Concerns have been raised about the field researchers found that plants need sunlight for the first time.	Ang mga kabalaka ginpautwas nahanungod sa natukiban sang mga manugpanalawsaw sa latagon nga ang mga tanom nagakinahanglan sang silak sang adlaw sa una nga tion.
In a similar vein, the peer support volunteer systematically addressed the biopsychosocial dimensions of the role of social determinants in shaping mental health outcomes at population level.	Sa kaanggid nga paagi, ang boluntaryo nga nagasuporta sa mga katubotubo sistematiko nga nagsabat sa mga dimensyon sang biopsychosocial sang papel sang mga determinante sa katilingban sa pagporma sang mga resulta sang ikaayong lawas sa hunahuna sa lebel sang populasyon.
Encourage others to do likewise.	Palig-una ang iban nga himuon man ini.
"""It is believed that a stream nearby, which is a tributary of the Owubi River, overflowed its banks and caused the flooding."""	"""Ginapatihan nga ang isa ka sapa sa malapit, nga isa ka sapa sang Owubi River, nag-awas sa iya mga pangpang kag nagtuga sang pagbaha."""
Thermography - The process involves heat that joins ink and a resin-like powder together.	Thermography - Ang proseso nagalakip sang init nga nagatingob sang tinta kag sang daw resin nga pulbos.
Imagine it as a bridge that connects two places most people assumed were too far apart to reach.	Handurawa ini subong isa ka taytay nga nagaangot sa duha ka duog nga ginakabig sang kalabanan nga mga tawo nga tuman kalayo sa isa kag isa agod malab-ot.
Can we as leaders in the church learn to exert our influence so as to promote tolerance in our people for a variety of forms of worship?	Mahimo bala kita bilang mga lider sa simbahan makatuon sa pagpatuman sang aton impluwensya agud mapasanyog ang pagkamatinuguton sa aton mga tawo para sa nagkalainlain nga porma sang pagsimba?
"""Fun, colorful illustrations combine recipes with family baking activities, fun facts, vocabulary words and suggested children's baking literature."""	"""Ang makalilipay, de-kolor nga mga ilustrasyon nagatingob sang mga resipe upod sa mga hilikuton sa pagluto sang pamilya, makalilipay nga mga kamatuoran, mga tinaga sa bokabularyo kag ginapanugda nga literatura sa pagluto sang kabataan."""
The key lies in making a business case for why regular system backups beyond data backup are critical.	Ang yabi yara sa paghimo sang isa ka kaso sa negosyo kon ngaa ang regular nga mga backup sang sistema labaw pa sa data backup importante.
It may come as a surprise that local communities conserved the coral reef.	Mahimo nga makibot nga gintipigan sang lokal nga mga komunidad ang coral reef.
Oxford Companion to the Mind.	Oxford nga Kaupod sa Hunahuna.
In the middle of the night, the jury prosecuted the settlement agreement.	Sa tungang gab-i, ginkasuhan sang hurado ang kasugtanan sa paghusay.
Human development depends primarily on environmental factors.	Ang pag-uswag sang tawo nagadepende una sa mga butang sa palibot.
"""Space station managers pushed the start of the first spacewalk a day back from their original plan, which gives the engineering team more time to coordinate and plan the maneuvers needed to carry out the challenging repair."""	"""Ang mga tagdumalahan sang estasyon sa kahawaan nagduso sang pagsugod sang una nga paglakbay sa kahawaan isa ka adlaw pabalik gikan sa ila orihinal nga plano, nga nagahatag sa grupo sang enhinyero sing dugang nga tion sa pagkoordinar kag pagplano sang mga maniobra nga kinahanglanon sa paghimo sang makahalangkat nga pagkay-o."""
If handled correctly, our local club trained a goal, and communication usually improves across the board.	Kon gina-uyat sing husto, ang amon lokal nga klab naghanas sang isa ka tulumuron, kag ang komunikasyon masami nga nagauswag sa bug-os nga board.
"""In fact, it was such a blunder that NASA even tried to cover it up by brightening the rest of the surface in subsequent versions of it."""	"""Sa pagkamatuod, isa ini ka sayop nga gintinguhaan pa gani sang NASA nga tabunan ini paagi sa pagpasanag sang nabilin nga bahin sang nawong sa masunod nga mga bersyon sini."""
Most important stats?	Pinakaimportante nga mga estadistika?
"""Conversely, many people express anger or outrage at God."""	"""Sa pihak nga bahin, madamo nga mga tawo ang nagapabutyag sang kaakig ukon kaakig sa Dios."""
My friend recently texted see you later after the meal.	Ang akon abyan bag-o lang nag-text nga magkitaay kita sa ulihi pagkatapos sang pagkaon.
"""We must weigh these issues in a fashion that neither treats all issues as moral equivalents (for example, giving abortion and racism the same moral status as the federal standard for the minimum wage or the best policies to combat global warming) nor reduces Catholic social teaching to one or two issues."""	"""Dapat naton timbangtimbangon ining mga isyu sa isa ka paagi nga wala nagatratar sang tanan nga mga isyu subong mga katumbas sa moral (halimbawa, ang paghatag sa aborsyon kag rasismo sang pareho nga kahimtangan sa moral subong sang pederal nga talaksan para sa minimum nga suweldo ukon ang pinakamaayo nga mga polisa sa pagpakig-away sa pag-init sang kalibutan) ukon nagapanubo sang sosyal nga panudlo sang Katoliko sa isa ukon duha ka isyu."""
"""At the workshop, the challenge was to employ concurrent engineering methods used by ESA to produce a satellite constellation concept to service shipping and air traffic above the Arctic Circle."""	"""Sa workshop, ang hangkat amo ang paggamit sang dungan nga mga pamaagi sa enhinyero nga ginagamit sang ESA sa paghimo sang isa ka konsepto sang konstelasyon sang satelayt sa pagserbisyo sa pagpadala kag trapiko sa kahawaan sa ibabaw sang Arctic Circle."""
"""A polymath,a student of Plato and teacher of Alexander the Great.Together with Plato and Socrates (Plato's teacher),Aristotle is one of the most important founding figures in Western philosophy.His writings were the first to create a comprehensive system of Western philosophy,encompassing morality and aesthetics,logic,science,politics and metaphysics."""	"""Isa ka polymath, isa ka estudyante ni Plato kag manunudlo ni Alexander the Great. Kaupod ni Plato kag Socrates (manunudlo ni Plato), si Aristotle isa sang pinakaimportante nga mga nagtukod sa pilosopiya sang Nakatundan. Ang iya mga sinulatan amo ang una nga nagtuga sang isa ka komprehensibo nga sistema sang pilosopiya sang Nakatundan, nga nagalakip sang moralidad kag estetika, politika, politika kag politika."""
The relationship of ecology and economic development.	Ang kaangtanan sang ekolohiya kag pag-uswag sang ekonomiya.
"""It is often thought, on the left, that demands for new welfare models are necessarily 'transitional' (in Trotsky's sense): demands that cannot be met without a revolutionary change to the whole system."""	"""Masami nga ginahunahuna, sa wala, nga ang mga pangabay para sa bag-o nga mga modelo sang kaayuhan kinahanglan nga 'transisyonal' (sa kahulugan ni Trotsky): mga pangabay nga indi matuman nga wala sing rebolusyonaryo nga pagbag-o sa bug-os nga sistema."""
The students also became more comfortable engaging in the research interviews with members of the opposite sex.	Ang mga estudyante nangin mas komportable man sa pag-entra sa mga interbyu sa pagpanalawsaw upod sa mga katapo sang tuhay nga sekso.
"""Alongside the Congressional Gold Medal, the Presidential Medal of Freedom are the biggest honors the federal government can bestow on an individual -- and they do not have to be an American citizen."""	"""Kaupod sang Congressional Gold Medal, ang Presidential Medal of Freedom amo ang pinakadako nga pasidungog nga mahatag sang gobyerno federal sa isa ka indibidwal -- kag indi kinahanglan nga mangin isa sila ka banwahanon sang Amerika."""
Don't forget to pray the Rosary.	"Indi mag-kalipat mag-pangadi sang ""Rosaryo""."
Zoom-in on the map to see Pavia.	I-zoom-in ang mapa para makita ang Pavia.
"""Angro do Heroismo, the capital, is a UNESCO World Heritage Site with architecture from the 15th to 19th centuries."""	"""Ang Angra do Heroismo, ang kapital, isa ka UNESCO World Heritage Site nga may arkitektura halin sang ika-15 tubtob ika-19 nga siglo."""
Teens tend to stay up late and want to sleep late in the morning.	Ang mga tin-edyer may huyog nga magbugtaw sing gab-i kag luyag magtulog sing gab-i sa aga.
"""Less often, the illness may stem from food contaminated by a food worker."""	"""Sa masami, ang balatian mahimo nga naghalin sa pagkaon nga ginhigkuan sang isa ka trabahador sa pagkaon."""
"""To address these variables is advisable to moisturize, protect and nourish it, to prevent peeling and cracking."""	"""Agod masabat ining mga variable, maayo nga i-moisturize, amligan kag i-nourish ini, para malikawan ang pagpanit kag pag-crack."""
Every time you download an application or use your iPhone you are increasing your carbon footprint.	Sa kada tion nga mag-download ka sang aplikasyon ukon maggamit sang imo iPhone nagadugang ang imo carbon footprint.
It is interesting how a landscape architect renovated the public square with an emphasis on natural light and ventilation.	Makawiwili kon paano ginkay-o sang isa ka arkitekto sang talan-awon ang plasa publiko nga may pagpadaku sa kinaugali nga kapawa kag bentilasyon.
The procedure is generally used for patients who range in age from 18 to 40.	Ang pamaagi kinaandan nga ginagamit para sa mga pasyente nga naga-edad halin sa 18 tubtob 40.
Biocom Institute's Veterans Initiative provides veterans access to a variety of life science industry professionals and executives.	Ang Veterans Initiative sang Biocom Institute nagahatag sa mga beterano sang access sa nagkalainlain nga mga propesyonal kag mga ehekutibo sa industriya sang siyensya sang kabuhi.
Use alerts for time-sensitive commitments.	Gamita ang mga alerto para sa mga pangako nga sensitibo sa oras.
"""There is no requirement for any special knowledge in spectroscopy, but the epidemiological or clinical analyses of the metabolic measures of interest can be initiated with standard medical statistics."""	"""Wala sing kinahanglanon para sa bisan ano nga pinasahi nga ihibalo sa spectroscopy, apang ang epidemiological ukon clinical nga mga pag-analisar sang mga metaboliko nga mga tikang sang interes mahimo nga masugdan paagi sa sulundan nga estadistika sa medisina."""
"""The ship is a torus, because it will provide artificial gravity by rotating around a fixed center."""	"""Ang barko isa ka torus, bangod magahatag ini sing artipisyal nga grabidad paagi sa paglibot sa isa ka napat-od nga sentro."""
The Centers for Disease Control and Prevention's (CDC) Obesity and Severe Obesity Forecast through 2030 report forecasts that the rate of obesity among the U.S. population will swell to 42% by 2030.	Ang Centers for Disease Control and Prevention's (CDC) Obesity and Severe Obesity Forecast tubtob 2030 nagreport nga ang kadamuon sang sobra nga katambukon sa tunga sang populasyon sang Estados Unidos magasaka sa 42% sa 2030.
Smart Women plan for the expected as well as the unexpected.	Ang Smart Women nagaplano para sa ginapaabot kag subong man sa wala ginapaabot.
Remarkably, our film group danced the guitar for the school art show.	Sing talalupangdon, ang amon grupo sang pelikula nagsaot sang gitara para sa pasundayag sang arte sa eskwelahan.
That's one of the main lessons: making it as easy as possible to manipulate the data quickly and get down to working directly with information.	Isa ina sa mga panguna nga leksyon: ang paghimo sini nga mahapos nga mamaniobra ang datos sing madasig kag mag-obra sing direkta sa impormasyon.
There is no shoes in the living room.	Wala sing sapatos sa sala.
I encourage you to look into sensory integration disorders.	Gina-engganyo ko ikaw nga tan-awon ang mga diperensya sa pag-integrar sang igbalatyag.
"""A significant number of Nebraska's elected officials, at both the State and Federal level, have been negligent, at best, in protecting the interests of Nebraskans, or, they were deliberately deceptive and hoped to run out the clock to the benefit of a private, foreign company, against the interests of Nebraska citizens."""	"""Ang isa ka daku nga kadamuon sang mga napilian nga mga opisyales sang Nebraska, sa lebel sang Estado kag Pederal, nangin pabaya, sa pinakamaayo, sa pag-amlig sang mga interes sang mga taga-Nebraska, ukon, hungod sila nga nagapangdaya kag nagalaum nga maubos ang oras para sa kaayuhan sang isa ka pribado, dumuluong nga kompanya, batok sa mga interes sang mga banwahanon sang Nebraska."""
"""Yet according to the DVNF's tax filings with the IRS, almost none of that money has wound up in the hands of American veterans."""	"""Apang suno sa mga pag-file sang buhis sang DVNF sa IRS, halos wala sa sina nga kuwarta ang nakalab-ot sa mga kamot sang mga beterano sang Amerika."""
All you need to have is a broad knowledge of colors and image of how your bedroom would look like.	Ang kinahanglan mo lang amo ang malapad nga ihibalo sa mga duag kag laragway kon ano ang hitsura sang imo hulot-tulugan.
"""Our mission is to support burgeoning musical talent, programs and services in our communities by fostering the artistic development of youth preserving music as a viable art form."""	"""Ang amon misyon amo ang pagsuporta sa nagauswag nga talento sa musika, mga programa kag mga serbisyo sa amon mga komunidad paagi sa pagpasanyog sang artistiko nga pag-uswag sang mga pamatan-on nga nagapreserbar sang musika bilang isa ka maayo nga porma sang arte."""
"""Rayon is a manufactured natural vegetable fiber composed of regenerated cellulose, derived from wood pulp, cotton linters, or other natural vegetable matter."""	"""Ang rayon isa ka ginhimo nga natural nga lanot sang utanon nga ginabug-usan sang ginbag-o nga cellulose, nga naghalin sa pulp sang kahoy, mga linter sang gapas, ukon iban pa nga natural nga utanon nga butang."""
"""Specifically, the thesis considers how the use of multiple creative learning methods may enhance undergraduate learning and the role that creative visualisation and guided imagery can play in this experience."""	"""Sa partikular, ang tesis nagabinagbinag kon paano ang paggamit sang madamo nga mga pamaagi sa pagtuon nga mamugnaon makapauswag sang pagtuon sa undergraduate kag ang papel nga mahimo sang mamugnaon nga paghanduraw kag ginatuytuyan nga imahe sa sini nga eksperyensya."""
"""For more information on the International Council on Mining and Metals, visit [URL] The UN Global Compact is a commitment between the United Nations and responsible businesses."""	"""Para sa dugang nga impormasyon sa International Council on Mining and Metals, bisitaha ang [URL] Ang UN Global Compact isa ka pangako sa tunga sang United Nations kag sang mga responsable nga negosyo."""
Beyond that, a small group drew a picture.	Luwas pa sina, isa ka gamay nga grupo ang nagdrowing sang laragway.
The RAW file format has transformed digital photography.	Ang RAW nga format sang file nagbag-o sang digital nga potograpiya.
"""The storm could bring several inches of rain, as well as coastal flooding."""	"""Ang bagyo mahimo magdala sang pila ka pulgada sang ulan, subong man sang pagbaha sa baybayon."""
At the start of the new year, our finance team quantitatively analysed the volatility of the systemic liquidity risks in the interbank lending market.	Sa pagsugod sang bag-o nga tuig, ang amon grupo sa pinansya nag-analisar sing kadamuon sang pagkasalimpapaw sang mga risgo sa sistematiko nga likido sa merkado sang pagpautang sa tunga sang mga bangko.
"""We cannot simply look at the mean temperature for a hot year and say, there you go, global warming!"""	"""Indi naton basta-basta tan-awon ang kinaandan nga temperatura para sa isa ka mainit nga tuig kag magsiling, yari ka na, ang pag-init sang kalibutan!"""
Heavy rainfall recently delayed the coastal areas after a long dry spell.	Ang mabaskog nga pag-ulan sining karon lang nag-atrasar sa mga baybayon pagkatapos sang malawig nga tig-ilinit.
"""All Deaf have succeeded using ASL through Deaf schools and graduated with Bachelor, Master and Ph."""	"""Ang tanan nga mga Bungol nagmadinalag-on sa paggamit sang ASL paagi sa mga eskwelahan sang mga Bungol kag nakatapos sa Bachelor, Master kag Ph."""
We also have more access to nature than most city dwellers do.	Mas madamo man kita sing access sa kinaugali sangsa kalabanan nga mga pumuluyo sang siudad.
"""Till compost into garden beds, use it as a topdressing, or mix it into transplanting holes."""	"""Mag-compost sa mga higdaan sa hardin, gamita ini bilang topdressing, ukon isagol ini sa mga buho nga ginatanom."""
"""Singh writes that he became interested in the study of rare Guru Granth Sahib manuscripts when the Sikh Sangat of Dhaka presented him with some rare Hukamnamas of Guru TeghBahadur during his visit to that place in 1915 A.D. During his long tenure in the postal service, he tried to locate and study some more rare Guru Granth Sahib Birs while travelling to different parts of India."""	"""Si Singh nagsulat nga nangin interesado sia sa pagtuon sang talagsahon nga mga manuskrito ni Guru Granth Sahib sang ginhatagan sia sang Sikh Sangat sang Dhaka sang pila ka talagsahon nga Hukamnamas ni Guru TeghBahadur sa tion sang iya pagbisita sa sina nga duog sang 1915 A.D. Sa tion sang iya malawig nga pagtener sa serbisyo sa koreo, gintinguhaan niya nga pangitaon kag tun-an ang pila pa ka talagsahon nga mga Guru Granth Sahib samtang nagalakbay pakadto sa lainlain nga mga bahin sang Granth Sahib India."""
The jet stream settled the flood-prone zones, and that, in turn, meant that my mentor moderated the key findings of the research adapting the message to the audience.	Ang jet stream nag-istar sa mga flood-prone zones, kag ina, sa baylo, nagkahulugan nga ang akon manunudlo nag-moderate sang mga yabi nga natukiban sang pagpanalawsaw nga nagapasibu sang mensahe sa tumalan-aw.
"""But, even after the useful investment provided by the New Opportunities Fund and Culture on Line, we in museums have hardly begun to tap the potential of new forms of communication."""	"""Apang, bisan pagkatapos sang mapuslanon nga pamuhunan nga ginhatag sang New Opportunities Fund kag Culture on Line, kami sa mga museo halos wala pa makasugod sa pag-tap sang potensyal sang bag-o nga mga porma sang komunikasyon."""
"""George S. McGovem, the United Nations Giobai Ambassador on Hunger, was the Democratic candidate for president in 1972."""	"""Si George S. McGovern, ang United Nations Global Ambassador on Hunger, amo ang Demokratiko nga kandidato para sa presidente sang 1972."""
Remarkably, volunteers protected the plastic waste as part of a school project.	Sing talalupangdon, gin-amligan sang mga boluntaryo ang plastik nga basura subong bahin sang isa ka proyekto sa eskwelahan.
"""These mushrooms are actually the same genus as the white button, but the crimini has been harvested after the cap has expanded and the brown gills are visible, while the portobello is the most mature version of agaricus bisporus."""	"""Ini nga mga uhong pareho gid sa genus sang puti nga butones, apang ang crimini gin-ani pagkatapos nga ang kalo nagsangkad kag ang brown nga mga hasang makita, samtang ang portobello amo ang pinakahamtong nga bersyon sang agaricus bisporus."""
"""They were named 1763 by Linnaeus in honor of Johann Zinn, a German professor of botany and medicine."""	"""Ginhingadlan sila 1763 ni Linnaeus bilang pagpadungog kay Johann Zinn, isa ka Aleman nga propesor sang botany kag medisina."""
Culture: What behavior is important?	Kultura: Ano nga pamatasan ang importante?
"""A description of early churches is found in Marjorie A. Hanes, Early Nevada Churches (Reno: Nevada State Society, Daughters of the American Revolution, 1974)."""	"""Ang paglaragway sang una nga mga simbahan makita sa Marjorie A. Hanes, Early Nevada Churches (Reno: Nevada State Society, Daughters of the American Revolution, 1974)."""
"""Some scientists now believe that drinking milk and other dairy products containing the mutated A1 protein is associated with a variety of diseases including heart disease, diabetes, autism, and schizophrenia."""	"""Ang iban nga mga siyentipiko nagapati karon nga ang pag-inom sang gatas kag iban pa nga mga produkto gikan sa gatas nga may yara sang ginbag-o nga A1 nga protina may kaangtanan sa nagkalainlain nga mga balatian lakip ang balatian sa tagipusuon, diabetes, autism, kag schizophrenia."""
A session musician composed an original composition across multiple genres.	Ang isa ka musikero sa sesyon nagkomposo sang isa ka orihinal nga komposisyon sa madamo nga mga genre.
"""The pipeline, known as the Keystone XL, is expected to expand crude oil production in the two states."""	"""Ang pipeline, nga kilala bilang Keystone XL, ginalauman nga magapasangkad sang produksyon sang krudo sa duha ka estado."""
"""You can program the MIX using an assembly language called MIXAL, the MIX Assembly Language."""	"""Mahimo mo iprograma ang MIX gamit ang assembly language nga ginatawag MIXAL, ang MIX Assembly Language."""
A digital journalist live-streamed a long-form essay using accessible and engaging language.	Ang isa ka digital nga dyurnalista nag-live-stream sang isa ka malawig nga essay gamit ang madali magamit kag makawiwili nga lenguahe.
"""However, with or without the EU Constitution, any attempt to resolve the present crisis will remain futile if in the meantime Europe's politicians fail to revise their present practices and do not succeed in engaging citizens in debates about European policy matters at an earlier stage."""	"""Apang, may yara man ukon wala ang Konstitusyon sang EU, ang bisan ano nga pagtinguha nga lubaron ang karon nga krisis magapabilin nga wala sing pulos kon sa sini nga tion ang mga politiko sang Europa mapaslawan sa pagbag-o sang ila karon nga mga buhat kag indi magmadinalag-on sa pag-engage sa mga pumuluyo sa mga debate nahanungod sa mga butang sa polisiya sang Europa sa mas temprano nga yugto."""
"""The seven most common NTDs-hookworm, ascariasis (roundworm), trichuriasis (whipworm), schistosomiasis (snail fever), lymphatic filariasis (elephantiasis), onchocerciasis (river blindness) and trachoma-infect more than one in six people worldwide, including more than 500 million children."""	"""Ang pito ka labing kinaandan nga NTDs-hookworm, ascariasis (roundworm), trichuriasis (whipworm), schistosomiasis (snail fever), lymphatic filariasis (elephantiasis), onchocerciasis (pagkabulag sa suba) kag trachoma-nagalaton sa kapin sa isa sa anom ka tawo sa bug-os nga kalibutan, lakip ang kapin sa 50 milyones ka kabataan."""
"""In addition to expanding the company's service range, the many EchoStar satellites launched in the past 15 years have improved DISH Network signal strength."""	"""Dugang sa pagpasangkad sang serbisyo sang kompanya, ang madamo nga mga satelayt sang EchoStar nga ginlansar sa nagligad nga 15 ka tuig nagpauswag sang kabaskugon sang signal sang DISH Network."""
"""Also, financialization of commodity markets (through securitized commodity-linked instruments) has implications not only for price dynamics, but also for decisions on output mix, technology and resource management practices."""	"""Subong man, ang pinansyalisasyon sang mga merkado sang balaklon (paagi sa mga instrumento nga may kaangtanan sa securitized nga balaklon) may mga implikasyon indi lamang para sa dinamika sang presyo, kundi para man sa mga desisyon sa output mix, teknolohiya kag mga buhat sa pagdumala sang manggad."""
"""Carefully leveled text and fresh, vibrant photos engage young readers in learning about spring, a season of colorful changes and adaptations."""	"""Ang maid-id nga gin-level nga teksto kag preska, masinadyahon nga mga litrato naga-engage sa mga lamharon nga bumalasa sa pagtuon parte sa tigpamulak, isa ka panahon sang de-kolor nga mga pagbag-o kag mga pag-adaptar."""
Even in this early book (1836-37) we see how Dickens loved playing with names; a sexton called Grub singing of worms is just wonderful.	Bisan sa sining una nga libro (1836-37) makita naton kon paano si Dickens nanamian maghampang sang mga ngalan; ang isa ka sexton nga ginatawag Grub nga nagakanta sang mga ulod makatilingala gid.
"""The researchers also write that their findings cannot simply be explained by the use of smaller head sizes, since women fared worse than men even with the same head size."""	"""Ang mga manugpanalawsaw nagsulat man nga ang ila mga natukiban indi lamang mapaathag paagi sa paggamit sang mas magagmay nga kadakuon sang ulo, bangod ang mga babayi mas malain sangsa mga lalaki bisan pa pareho ang kadakuon sang ulo."""
"""When silver was the unit of value, gold enjoyed free coinage, and was legal tender in the payment of all debts."""	"""Sang ang pilak amo ang yunit sang balor, ang bulawan may libre nga sensilyo, kag legal nga kuwarta sa pagbayad sang tanan nga utang."""
"""It will look at your birth chart, along with the chart of another person, and compare them."""	"""Tan-awon sini ang imo tsart sang pagkatawo, upod ang tsart sang isa pa ka tawo, kag ipaanggid sila."""
"""A Scout respects other people, regardless of differences."""	"""Ang isa ka Scout nagatahod sa iban nga mga tawo, walay sapayan sang mga kinatuhayan."""
"""The range of topics covered is vast, chasing, flocking, pathfinding, state machines, bayesian networks, neutal networks, genetic algorithms, fuzzy logic and more."""	"""Ang mga topiko nga ginatuptupan malapad, paglagas, pagdugok, pagpangita sang dalan, mga makina sang estado, mga network sang bayesian, mga network sang neural, mga algorithm sang genetiko, fuzzy logic kag madamo pa."""
It is interesting how a team of physicists proved why the moon has phases using basic materials.	Makawiwili kon paano ginpamatud-an sang isa ka grupo sang mga pisiko kon ngaa ang bulan may mga hugna gamit ang panguna nga mga materyales.
"""Our pristine hills are situated on 1100 acres, studded with towering trees, babbling brooks and sparkling creeks and streams."""	"""Ang amon matinlo nga mga bungyod nahamtang sa 1100 ka ektarya, nga puno sang matag-as nga mga kahoy, nagailig nga mga sapa kag nagakinang-kinang nga mga sapa kag mga sapa."""
Perhaps humanity needs to feel the highs and lows that expectations bring?	Ayhan kinahanglan nga mabatyagan sang katawhan ang mga mataas kag manubo nga ginadala sang mga ginapaabot?
"""She mentioned that to run transactions on blockchain, data will need to be integrated into an existing transactional infrastructure, which requires a new set of tools and utilities to support that integration."""	"""Ginsambit niya nga sa pagpadalagan sang mga transaksyon sa blockchain, ang datos kinahanglan nga i-integrate sa nagaluntad nga imprastraktura sa transaksyon, nga nagakinahanglan sang bag-o nga hugpong sang mga gamit kag mga utility sa pagsuporta sa sina nga pag-integrar."""
Biofortification is one of the approaches to tackle this has an important research project in this area: a large number of native potatoes have been screened for their potential and the range of variation.	Ang biofortification isa sa mga pamaagi sa pag-atubang sini nga may importante nga proyekto sa pagpanalawsaw sa sini nga lugar: madamo nga tumandok nga mga patatas ang gin-usisa para sa ila potensyal kag ang kalaparon sang pagkananuhaytuhay.
"""You can put individual servings of food in each box, or organize groups of similar foods together."""	"""Mahimo ka magbutang sang indibidwal nga mga pagserbe sang pagkaon sa tagsa ka kahon, ukon mag-organisar sang mga grupo sang kaanggid nga mga pagkaon sing tingob."""
They are the speakers of the Umbrese tongue.	Sila ang mga mamumulong sa dila nga Umbrese.
"""In her dissertation, Withers traces themes of inheritance in theatre through the Progressive Era (1890s to the late 1920s), the Harlem Renaissance (roughly 1918 to 1937), the New Deal era (1933-1938), and throughout the mid-twentieth century."""	"""Sa iya disertasyon, ginsubay ni Withers ang mga tema sang palanublion sa teatro tubtob sa Progresibo nga Panahon (1890 tubtob sang ulihi nga bahin sang 1920), ang Harlem Renaissance (mga 1918 tubtob 1937), ang New Deal nga panahon (1933-1938), kag sa bug-os nga tungatunga sang ika-beinte nga siglo."""
The Students during the training program are taught to consider the reoccurring problem within the business organization's structure.	Ang mga Estudyante sa tion sang programa sa paghanas ginatudluan sa pagbinagbinag sang nagabalikbalik nga problema sa sulod sang istruktura sang organisasyon sang negosyo.
Several months ago, education reform advocates reformed the national assessment framework.	Pila ka bulan ang nagligad, ang mga manugsakdag sang reporma sa edukasyon nagreporma sang pungsodnon nga gambalay sang pagtasa.
A clinical psychologist systematically addressed the biopsychosocial dimensions of the role of social determinants in shaping mental health outcomes at population level, since she resolved the matter efficiently via telephone with the legal team to clarify the terms of the agreement.	Ang isa ka klinikal nga sikologo sistematiko nga nagsabat sa mga biopsychosocial nga mga dimensyon sang papel sang mga determinante sa katilingban sa pagporma sang mga resulta sang panglawas sa hunahuna sa lebel sang populasyon, sanglit nasolbar niya ang butang sing episyente paagi sa telepono upod sa legal nga grupo sa pagpaathag sang mga termino sang kasugtanan.
"""Aside from cleaner accounting and behaving more like a production JVM, there may be opportunities for performance optimizations since the lifetimes of objects created by the JIT will typically be bounded by the invocation of a single compilation, as an example."""	"""Maluwas sa mas matinlo nga pag-isip kag paggawi nga mas kaangay sang isa ka JVM sa produksyon, mahimo nga may mga oportunidad para sa mga pag-optimize sang performance bangud ang mga kabuhi sang mga butang nga ginhimo sang JIT kinaandan nga ginalimitahan sang pagtawag sang isa ka pagtipon, bilang halimbawa."""
Public Health Engineering Research into water treatment is carried out using complex filter equipment and chemical testing can be done utilising a full range of sophisticated devices.	Public Health Engineering Ang pagpanalawsaw sa pagtinlo sang tubig ginahimo gamit ang komplikado nga mga kagamitan sa pagsala kag ang pagtesting sa kemikal mahimo gamit ang bug-os nga sahi sang sopistikado nga mga gamit.
Speculation has been that states involved in fighting back against a federal takeover of the elections were those targeted by the administration.	Ang mga espekulasyon amo nga ang mga estado nga nadalahig sa pagpakig-away batok sa isa ka pederal nga pag-agaw sang eleksyon amo ang mga ginpuntariya sang administrasyon.
The first attempt to edit the genes of cells inside the human body is about to take place.	Ang una nga pagtinguha sa pag-edit sang mga gene sang mga selula sa sulod sang lawas sang tawo malapit na mahanabo.
"""With the rise in the employment opportunities, there has been more and more emphasis on becoming self-reliant and independent."""	"""Sa pagdamo sang mga oportunidad sa trabaho, may yara sang dugang kag dugang nga pagpadaku sa mangin makasalig sa kaugalingon kag independiente."""
What is poker all about?	Ano ang poker?
"""For example, if a robot were to make contact with a human, holding no weapons, travelling slowly and covered in bubble wrap, the chance of it transferring bacteria or viruses which have a small chance of causing harm is higher than 0%."""	"""Halimbawa, kon ang isa ka robot makig-angot sa isa ka tawo, nga wala nagauyat sang mga armas, nagabiyahe sing mahinay kag natabunan sang bubble wrap, ang tsansa nga ini makabalhin sang bakterya ukon mga virus nga may diutay nga tsansa nga makahalit mas mataas sangsa 0%."""
"""India will soon introduce chip-based e-passport, Prime Minister Narendra Modi said on Tuesday while inaugurating an event."""	"""Ang India magapakilala sa indi madugay sang chip-based e-passport, siling ni Prime Minister Narendra Modi sang Martes samtang naga-inagurar sang isa ka kahiwatan."""
Why our civilization is doomed if we do not rein in our social scientists.	Ngaa ang aton sibilisasyon malaglag kon indi naton pagpunggan ang aton mga siyentipiko sosyal.
"""Most insertions are made just beneath the surface of the skin, and sensations vary from person to person."""	"""Ang kalabanan nga mga pagsulod ginahimo sa idalom lamang sang nawong sang panit, kag ang mga sensasyon nagalainlain sa tagsa ka tawo."""
In many cases, the security system refactored the machine learning inference endpoint with zero-downtime blue-green deployment.	Sa madamo nga mga kaso, ang sistema sang seguridad nag-refactor sang machine learning inference endpoint nga may zero-downtime blue-green deployment.
I remember reading about a pilot who landed safely despite every system failing at once. a customer confirmed by phone to follow up on the application speaking clearly despite the bad signal.	Nadumduman ko nga nabasa ko ang parte sa isa ka piloto nga naghugpa sing luwas walay sapayan nga ang tagsa ka sistema napaslawan sing dungan. isa ka kustomer nga ginkumpirma paagi sa telepono nga mag-follow up sa aplikasyon nga nagahambal sing maathag walay sapayan sang malain nga signal.
"""The new scheme called Development / Strengthening of Agricultural Marketing Infrastructure, Grading and Standardisation is aimed at attracting large investment from the private and cooperative sectors for setting up agricultural markets, marketing infrastructure and support services, Finance Minister P Chidambaram told Parliament."""	"""Ang bag-o nga iskema nga ginatawag Development / Strengthening of Agricultural Marketing Infrastructure, Grading and Standardization nagatuyo sa pagganyat sang daku nga pamuhunan gikan sa pribado kag kooperatiba nga mga sektor para sa pagtukod sang mga merkado sa agrikultura, imprastraktura sa pagpamaligya kag mga serbisyo sa suporta, siling ni Finance Minister P Chidambaram sa Parliamento."""
There's no shortcut concerning earning a college degree.	Wala sing shortcut sa pag-angkon sang degree sa kolehiyo.
"""The judgments, the trade-offs involved during the 1979-1980 policies, for example, or during any deep recession, are not just technical matters."""	"""Ang mga paghukom, ang mga pagbayluhanay nga nadalahig sa tion sang 1979-1980 nga mga polisa, halimbawa, ukon sa tion sang bisan ano nga madalom nga pag-urong, indi lamang mga teknikal nga mga butang."""
"""Being a plant-based food, it is widely used as a meat substitute in vegetarian diets too."""	"""Bangod isa ini ka pagkaon nga nakabase sa tanom, ini lapnag nga ginagamit bilang tal-us sa karne sa mga pagkaon nga vegetarian man."""
"""Then, the output of 'CAST' is assigned to the variable."""	"""Dayon, ang output sang 'CAST' gina-assign sa variable."""
However this work is not just limited to human or animal cells.	Apang ini nga buluhaton indi lamang limitado sa mga selula sang tawo ukon sapat.
"""The flora of the reservation consist of 1900 species; 162 of them are endemic, 95 of them are rare and 38 are being depletod and disappeared."""	"""Ang mga tanom sa reserbasyon ginabug-usan sang 1900 ka mga espesyi; 162 sa ila ang endemic, 95 sa ila ang talagsahon kag 38 ang nagakaubos kag nagakadula."""
A selection of articles related to smell.	Isa ka pagpili sang mga artikulo nga may kaangtanan sa baho.
My mother is a friend of the friend.	Amigo sang amigo ang iloy ko.
"""New York's Metropolitan Transportation Authority, which carried 11 million bus and train passengers each day, has approved selling up to $2.5 billion of short-term bond anticipation notes for Sandy costs."""	"""Ang Metropolitan Transportation Authority sang New York, nga nagadala sang 11 milyones ka pasahero sang bus kag tren kada adlaw, nag-aprubar sa pagbaligya sang tubtob $2.5 bilyones sang short-term bond anticipation notes para sa mga gasto sa Sandy."""
"""For example, you can have red for math, blue for English, green for science, purple for history, orange for foreign language, yellow for band, pink for art, white for health, gray for government/civics, light green for economics, etc."""	"""Halimbawa, mahimo ka nga may pula para sa matematika, asul para sa Ingles, berde para sa siyensya, purpura para sa maragtas, kahel para sa dumuluong nga lenguahe, dilaw para sa banda, rosas para sa arte, puti para sa ikaayong lawas, abo para sa gobyerno/sibiko, light green para sa ekonomiya, kag iban pa."""
Emotional trauma occurs when the individual is overwhelmed by an unexpected or unanticipated event or long-term exposure to stress and anxiety.	Ang emosyonal nga trauma nagakatabo kon ang indibidwal ginabug-atan sang isa ka wala ginapaabot ukon wala ginapaabot nga hitabo ukon malawig nga pagkadayag sa stress kag kabalaka.
One of the oldest settlements in the country that dates back to the 8th century.	Isa sa pinakadaan nga mga puluy-an sa pungsod nga nagsugod pa sang ika-8 nga siglo.
"""As a matter of fact, in the late 1640s, Descartes situation between the French Catholics, the experimentally minded philosophers like Gassendi and the Orthodox Calvinist Dutch theologians became very heated, with no prospect of escape from this tight circle; his decision to accept Queen Christina's invitation to Stockholm appears to be rather a run away."""	"""Sa pagkamatuod, sang ulihi nga bahin sang 1640, ang sitwasyon ni Descartes sa tunga sang mga Katoliko nga Pranses, ang mga pilosopo nga may eksperimento nga panghunahuna pareho ni Gassendi kag ang Ortodokso nga Calvinista nga mga teologo nga Olandes nangin mainit gid, nga wala sing paglaum nga makapalagyo gikan sa sining hugot nga sirkulo; ang iya desisyon nga batunon ang imbitasyon ni Rayna Christina sa Stockholm daw isa ka pagpalagyo."""
Use minimal pairs, record yourself, compare to native models.	Maggamit sang minimal nga mga paris, irekord ang imo kaugalingon, ipaanggid sa tumandok nga mga modelo.
Both are great. Maybe we can do one together sometime?	Pareho nga maayo. Ayhan mahimo naton ang isa ka tingob kon kaisa?
"""As the founder, General Kip has several tasks of enhancing U.S. defence as well as security activities on the African as well as island nations."""	"""Bilang tagtukod, si Heneral Kip may pila ka mga buluhaton sa pagpauswag sang depensa sang Estados Unidos subong man sang mga hilikuton sa seguridad sa mga pungsod sa Aprika subong man sa mga isla."""
Does the plumber have sufficient insurance coverage in the event that something goes wrong?	Ang tubero bala may bastante nga coverage sang seguro sa tion nga may maglain?
"""Along with the computerized assessment, researchers will be implementing a screening instrument for reported co-occurring psychiatric symptoms, identifying outcomes for methamphetamine users and analyzing supplementary statewide data sets to aid in the collection of specific outcome variables for substance abuse clients."""	"""Kaupod sang computerized assessment, ang mga manugpanalawsaw magapatuman sang isa ka instrumento sa pag-usisa para sa ginreport nga mga sintomas sang psychiatric nga naga-upod, pagkilala sang mga resulta para sa mga nagagamit sang methamphetamine kag pag-analisar sang suplemento nga mga datos sa bug-os nga estado agud makabulig sa pagtipon sang partikular nga mga variable sang resulta para sa mga kliyente nga naga-abuso sa substansiya."""
Share your creations with others for feedback and joy.	Ipaambit ang imo mga tinuga sa iban para sa feedback kag kalipay.
Spain's government functions in the form of a constitutional monarchy.	Ang gobyerno sang Espanya nagapanghikot sa porma sang isa ka konstitusyonal nga monarkiya.
"""All are in our 100,000 [[URL] light year (LY)] wide Milky Way galaxy."""	"""Ang tanan yara sa aton 100,000 [[URL] light year (LY)] kalapad nga Milky Way galaxy."""
"""Thus far our results suggest that monomers and dimers of the calcium ATPase have full activity, but tetramers and larger aggregates have much less activity."""	"""Tubtob subong ang amon mga resulta nagapakita nga ang mga monomer kag dimer sang calcium ATPase may bug-os nga aktibidad, apang ang mga tetramer kag mas dalagku nga mga aggregate may mas manubo nga aktibidad."""
"""An undertaking as complex as preparing a city for the challenges of climate change is much harder to grasp than, say, building a park or a bridge or banning giant cups of cola."""	"""Ang isa ka hilikuton nga subong ka komplikado sang paghanda sang isa ka siudad para sa mga hangkat sang pagbag-o sang klima mas mabudlay hangpon sangsa, halimbawa, pagtukod sang isa ka parke ukon taytay ukon pagdumili sang higante nga mga tasa sang cola."""
"""For instance, a person who has a chronic lack of exercise is more likely to trigger their IBS symptoms."""	"""Halimbawa, ang isa ka tawo nga may chronic lack of exercise mas madali nga mag-trigger sang ila mga sintomas sang IBS."""
"""These risks include rapid changes in weather and surface conditions, collisions with other people as well as natural and artificial hazards such as rocks, trees, stumps, bare spots, lift towers and snowmaking equipment."""	"""Ini nga mga risgo nagalakip sang madasig nga mga pagbag-o sa panahon kag mga kondisyon sa ibabaw, mga pagbungguanay sa iban nga mga tawo subong man ang natural kag artipisyal nga mga katalagman pareho sang mga bato, mga kahoy, mga tuod, mga hublas nga mga lugar, mga torre sa pag-alsa kag mga kagamitan sa paghimo sang niebe."""
The use of double negatives wasn't uncommon in England during the 17th and 18th centuries.	Ang paggamit sang doble nga mga negatibo indi kinaandan sa Inglaterra sang ika-17 kag ika-18 nga siglo.
The paper discusses the Russian authorities - Muslim clergy relations in the Northwest Caucasus in the after-reform period.	Ang papel nagahambal nahanungod sa mga awtoridad sang Rusya - ang mga relasyon sang mga klero sang Muslim sa Northwest Caucasus sa panahon pagkatapos sang reporma.
"""In the past, highly virulent E. coli strains usually have been susceptible to antibiotics, while highly resistant strains have been fairly weak in terms of their ability to cause disease."""	"""Sang nagligad, ang mga strain sang E. coli nga may mataas nga virulent masami nga madali mabiktima sang mga antibiotiko, samtang ang mga strain nga may mataas nga resistensya medyo maluya sa ila ikasarang sa pagtuga sang balatian."""
"""In 2009-2010, 321 patents in the US were filed by people or companies in the Arab world."""	"""Sang 2009-2010, 321 ka mga patente sa US ang gin-file sang mga tawo ukon mga kompanya sa kalibutan sang mga Arabo."""
Whenever you feel ready, our whole class said an important question, and everything else tends to fall into place naturally.	Sa kada tion nga nagabatyag ka nga handa ka, ang amon bug-os nga klase nagahambal sang isa ka importante nga pamangkot, kag ang tanan nga iban pa nagahuyog nga mahulog sa lugar sing natural.
The chill in the corridor made everyone move a little faster. the class contextualised an annotated bibliography referencing multiple academic sources.	Ang katugnaw sa pasilyo nagpadasig sang paghulag sang tanan. ang klase nagkonteksto sang isa ka gin-annotate nga bibliograpiya nga nagapatuhoy sa madamo nga mga ginhalinan sang akademiko.
"""Ideas included working with utility companies to include information in utility bills, working with fire departments to give people information when they visit people's homes, working with Chambers of Commerce to reach employed caregivers in the workplace, disseminating information through caregiver coalitions and respite care coalitions, and working with disability organizations, vocational rehabilitation agencies, pharmacies, volunteer organizations like Rebuilding Together, and hospital discharge planners."""	"""Ang mga ideya naglakip sang pagtrabaho upod sa mga kompanya sang utility sa paglakip sang impormasyon sa mga balayran sa utility, pagtrabaho upod sa mga departamento sang bombero sa paghatag sang impormasyon sa mga tawo kon magbisita sila sa mga puluy-an sang mga tawo, pagtrabaho upod sa Chambers of Commerce sa paglab-ot sa mga nagatrabaho nga mga manug-atipan sa lugar sang trabaho, pagpalapnag sang impormasyon paagi sa mga koalisyon sang mga manug-atipan kag mga koalisyon sa pag-atipan sa pahuway, kag pagtrabaho upod sa mga organisasyon sang mga may kasablagan, mga ahensya sang rehabilitasyon, mga ahensya sang rehabilitasyon, mga boluntaryo nga organisasyon pareho sang Rebuilding Together, kag mga nagaplano sang pagguwa sa ospital."""
"""In Texas for example, a standard hunting license can cost around $65 for a resident hunter."""	"""Sa Texas halimbawa, ang isa ka kinaandan nga lisensya sa pagpangayam mahimo nga nagabili sing mga $65 para sa isa ka residente nga mangangayam."""
"""Oct. 17, 2011-- The Louisiana Department of Wildlife and Fisheries' (LDWF) Mother/Child FUN Camp, held October 7-9 at the Woodworth Outdoor Education facility, attracted ten families from around the state."""	"""Oktubre 17, 2011-- Ang Louisiana Department of Wildlife and Fisheries' (LDWF) Mother/Child FUN Camp, nga ginhiwat sang Oktubre 7-9 sa pasilidad sang Woodworth Outdoor Education, nagganyat sang napulo ka pamilya gikan sa bug-os nga estado."""
Every single day, the department head replied the invoice.	Kada adlaw, ang pangulo sang departamento nagasabat sang invoice.
"""After leaving school, he worked on family properties and, at the outbreak of World War II, he served first in the militia and then enlisted in the AIF in 1941."""	"""Pagkatapos niya mag-eskwela, nagtrabaho sia sa mga propiedad sang pamilya kag, sa pagsugod sang Inaway Kalibutanon II, nag-alagad sia anay sa milisya kag dayon nagpalista sa AIF sang 1941."""
"""It automatically took film photos, processed and scanned them, then beamed the images back as radiowaves to receivers on Earth, where technicians recorded them onto analog data tapes."""	"""Awtomatiko ini nga nagkuha sang mga litrato sang pelikula, ginproseso kag gin-scan ini, dayon gin-beam ang mga laragway pabalik bilang mga radiowave sa mga receiver sa Duta, sa diin ginrekord ini sang mga teknisyan sa analog data tapes."""
There really is no other information source on the planet containing the number of reported survey dives with such a broad geographic scope.	Wala gid sing iban pa nga ginhalinan sang impormasyon sa planeta nga nagaunod sang kadamuon sang ginreport nga mga survey dive nga may amo sini ka malapad nga geograpiko nga kasangkaron.
"""Portrait of the Artist, 1993."""	"""Laragway sang Artista, 1993."""
"""With lost-foam casting, it is possible to manufacture components with complex geometries much more efficiently than using conventional methods."""	"""Sa lost-foam casting, posible nga makahimo sang mga sangkap nga may komplikado nga mga geometriya sing mas episyente sangsa paggamit sang naandan nga mga pamaagi."""
"""Instead, they rely on advanced OCR, or Optical Character Recognition, technologies to accurately identify the key data elements from invoice documents and deliver this information to an ERP System."""	"""Sa baylo, nagasalig sila sa abanse nga OCR, ukon Optical Character Recognition, nga mga teknolohiya sa pagkilala sing sibu sang mga yabi nga mga elemento sang datos gikan sa mga dokumento sang invoice kag pagdul-ong sini nga impormasyon sa isa ka ERP System."""
"""Safe for ovens, freezers, and dishwashers."""	"""Luwas para sa mga hurno, freezer, kag dishwasher."""
Gather input from daily users.	Magtipon sang input gikan sa adlaw-adlaw nga mga tiggamit.
Mentally scan your body from head to toe.	I-scan sa hunahuna ang imo lawas halin sa ulo pakadto sa tiil.
What mere _English_ word could have expressed a distinction so well in such a case as the following?	Ano nga _Ingles_ nga tinaga ang makapabutyag sang isa ka kinatuhayan sing maayo sa isa ka kaso subong sang masunod?
This uncertainty creates the potential for instability in the banking system.	Ini nga walay kapat-uran nagahimo sang potensyal para sa pagkawalay kalig-unan sa sistema sang bangko.
"""Jourdan's forces, especially his left flank, were severely pressed; the French line collapsed upon itself at both ends as the soldiers fell back."""	"""Ang mga pwersa ni Jourdan, ilabi na ang iya wala nga kilid, gin-ipit sing daku; ang linya sang Pransia nahulog sa iya kaugalingon sa magtimbang nga punta samtang ang mga soldado nag-atras."""
"""With water out there, nothing more would be needed to jump-start the massive subdivisions and other sprawling activities that would make some local land speculators a lot of money."""	"""Sa tubig didto, wala na sing kinahanglanon pa sa pagsugod sang dalagku nga mga subdibisyon kag iban pa nga nagalapta nga mga hilikuton nga makahimo sa pila ka lokal nga mga espekulador sang duta nga madamo nga kuwarta."""
Unexpectedly, the board of directors attended the spreadsheet before the end of day.	Sa wala ginapaabot, ang board of directors nagtambong sa spreadsheet antes matapos ang adlaw.
"""The state shall support scientific research and guarantee the freedom of scientific, literary, artistic, and cultural creative activity."""	"""Ang estado dapat magsuporta sa siyentipiko nga pagpanalawsaw kag magagarantiya sang kahilwayan sang siyentipiko, literaryo, artistiko, kag kultural nga hilikuton sa pagpanuga."""
What were their differences.	Ano ang ila mga kinalain.
Stomp Out Stigma engages the community in activities to think about alternative narratives and recommendations when dealing with mental health struggles and empowerment.	Ang Stomp Out Stigma naga-engage sa komunidad sa mga hilikuton sa paghunahuna sang alternatibo nga mga sugilanon kag mga rekomendasyon kon naga-atubang sa mga paghimakas sa ikaayong lawas sang hunahuna kag paghatag sing gahum.
"""Sustainable land use/ management of space and linkages with biodiversity conservation, water management and energy; ?"""	"""Mapadayonon nga paggamit sang duta/ pagdumala sang espasyo kag mga kaangtanan sa pagtipig sang biodiversity, pagdumala sang tubig kag enerhiya; ?"""
Cambridge: Bioinformatics; 2010.	Cambridge: Bioinformatics; 2010.
"""The southern facade, which was designed with an Oriental motif, is reminiscent of the temples of Alhambra."""	"""Ang nabagatnan nga atubang, nga gindesinyo nga may Oriental nga motibo, nagapahanumdom sang mga templo sang Alhambra."""
"""These are the Fundamentals of Land Surveying and the Principals and Practice of Surveying, each eight hours long."""	"""Amo ini ang mga Sadsaran sang Pagsurbey sang Duta kag ang mga Prinsipyo kag Pagpraktis sang Pagsurbey, ang kada isa walo ka oras ang kalawigon."""
"""In the final video, the main threat is pollution from boat falling down to the sea beds, which are dugongs's and green turtles's food."""	"""Sa katapusan nga video, ang panguna nga pamahog amo ang polusyon gikan sa sakayan nga nagakahulog sa mga salog sang dagat, nga amo ang pagkaon sang mga dugong kag berde nga mga pawikan."""
"""This type of paper is similar to a social issues essay, as it presents the idea writer wishes to pursue."""	"""Ini nga sahi sang papel kaangay sang isa ka essay sa mga isyu sosyal, bangud ginapresentar sini ang ideya nga luyag tinguhaan sang manunulat."""
Carriages were the primary form of mass transportation in the pre-locomotive age.	Ang mga karo amo ang panguna nga porma sang transportasyon sang masa sa panahon antes sang lokomotibo.
Entertainment's implications for people and society is much more deeper and broader than democracy.	Ang mga implikasyon sang kalingawan para sa mga tawo kag katilingban mas madalom kag mas malapad sangsa demokrasya.
"""A useful work that adopts a broadly psychoanalytic and thematic approach to Resnais's work and addresses the significance of silent cinema, musicals, and cartoons to the director's vision."""	"""Isa ka mapuslanon nga obra nga nagagamit sang malapad nga psychoanalytic kag thematic nga pamaagi sa obra ni Resnais kag nagasabat sang kahulugan sang hipos nga sine, mga musikal, kag mga cartoon sa panan-awan sang direktor."""
This suggests that some physical effect or phenomenon other than simple data flow and information processing might be involved in perception.	Nagapakita ini nga ang pila ka pisikal nga epekto ukon hitabo magluwas sa simple nga pag-ilig sang datos kag pagproseso sang impormasyon mahimo nga nadalahig sa paghangop.
There is an old story about a teacher who asked her students one simple question. the hypothesis replicated the structure of a DNA molecule under carefully monitored conditions.	May isa ka daan nga istorya parte sa isa ka manunudlo nga nagpamangkot sa iya mga estudyante sang isa ka simple nga pamangkot. ang hypothesis nagkopya sang istruktura sang isa ka molekula sang DNA sa idalom sang maid-id nga ginabantayan nga mga kondisyon.
In many cases, we settled on the vegetarian option explaining they had a nut allergy.	Sa madamo nga mga kaso, nagdesisyon kami sa vegetarian nga kapilian nga nagapaathag nga may alerdyi sila sa nut.
"""On the one hand, destruction of our environment and waste of our resources absolutely cannot continue."""	"""Sa isa ka bahin, ang pagguba sang aton palibot kag pag-usik sang aton mga manggad indi gid makapadayon."""
Not long ago, a group of students finished the worksheet.	Wala madugay, natapos sang isa ka grupo sang mga estudyante ang worksheet.
A breakthrough has been reported in grandpa ate a cake with lots of joy.	Ang isa ka pag-uswag ginreport sa si lolo nga nagkaon sang isa ka cake nga may madamo nga kalipay.
"""By the time the marchers reached the steps of the Alabama State Capitol, on March 25, their numbers had swollen to 25,000."""	"""Sang tion nga ang mga nagmartsa nakalab-ot sa mga halintang sang Alabama State Capitol, sang Marso 25, ang ila kadamuon nagdamo sa 25,000."""
The current system will be replaced by one that enhances government stability and will make it more possible for the elected prime minister to complete his term in office.	Ang karon nga sistema pagabuslan sang isa nga nagapauswag sang kalig-on sang gobyerno kag magahimo nga mas posible para sa napilian nga primer ministro nga matapos ang iya termino sa opisina.
In practice the prohibition did not appear to weaken the role of some ethnic minorities in the political process; a number of parties in reality represented various ethnic minority groups.	Sa praktis ang pagdumili wala daw nagapaluya sang papel sang pila ka etniko nga mga minorya sa proseso sang politika; ang pila ka mga partido sa pagkamatuod nagarepresentar sang nagkalainlain nga mga grupo sang etniko nga minorya.
A well-known thought experiment begins with a single, deceptively simple choice. we analysed the consumer demand pattern behind the algorithmic personalisation of e-commerce recommendations drawing on behavioural economics principles.	Ang isa ka kilala nga eksperimento sa panghunahuna nagasugod sa isa ka, malimbungon nga simple nga pagpili. gin-analisar namon ang pattern sang demand sang konsumidor sa likod sang algorithmic personalization sang mga rekomendasyon sa e-commerce nga nagakuha sa mga prinsipyo sang behavioral economics.
"""A server daemon running on one computer manages job submissions, assignments and other client requests."""	"""Ang server daemon nga naga-obra sa isa ka kompyuter nagadumala sang mga pagsumiter sang trabaho, mga buluhaton kag iban pa nga mga pangabay sang kliyente."""
"""If you're looking for an easy to digest protein, adzuki beans are a great bean to add to your diet and food storage plan."""	"""Kon nagapangita ka sang mahapos tunawon nga protina, ang adzuki beans isa ka maayo nga liso nga idugang sa imo pagkaon kag plano sa pagtipig sang pagkaon."""
The streaming community recently analysed the game theory mechanics of the ethical dimensions of loot box monetisation models drawing on game-theoretic decision frameworks.	Ang komunidad sang streaming bag-o lang nag-analisar sang mga mekaniko sang teoriya sang hampang sang mga etikal nga mga dimensyon sang mga modelo sang pag-monetize sang loot box nga nagakuha sa mga gambalay sang desisyon nga teoriya sang hampang.
Natural law is that which is there by nature.	Ang kinaugali nga kasuguan amo ang yara sa kinaugali.
Now, Mother is inside the living room.	Subong, ara si Nanay sa sulod sang sala.
"""Somewhat amusingly, Curiosity actually found the evidence it was looking for way back in Yellowknife Bay - one of its first destinations, which it visited almost two years ago."""	"""Medyo makalilipay, nakita gid sang Curiosity ang ebidensya nga ginapangita sini sa Yellowknife Bay - isa sang una sini nga mga destinasyon, nga iya ginkadtuan halos duha ka tuig na ang nagligad."""
Far more effectively than anticipated, we arranged over the phone to follow up on the application and managed to sort everything out.	Mas epektibo sangsa ginapaabot, nag-areglo kami paagi sa telepono sa pag-follow up sa aplikasyon kag natigayon nga masolbar ang tanan.
To clarify, local residents assessed the public square.	Para maklaro, gin-assess sang mga lokal nga pumuluyo ang plasa publiko.
thin	manipis
"""Croatia, Slovenia, and Macedonia declared their independence from Yugoslavia in 1991; Bosnia and Herzegovina did so the following year."""	"""Ang Croatia, Slovenia, kag Macedonia nagdeklarar sang ila kahilwayan gikan sa Yugoslavia sang 1991; ang Bosnia kag Herzegovina naghimo sini sang masunod nga tuig."""
Journal of Pediatric Psychology.	Journal of Pediatric Psychology.
"""Ability to apply advanced principles, theories, and concepts, and contribute to the development of innovative principles and ideas."""	"""Abilidad sa pag-aplikar sang mga abanse nga mga prinsipyo, mga teoriya, kag mga konsepto, kag makaamot sa pagpauswag sang mga makabag-o nga mga prinsipyo kag mga ideya."""
When the time is right, i navigated the social protocol of greeting a distinguished guest with appropriate formality, and the results could be quite different next time.	Kon ang tion husto, gina-navigate ko ang social protocol sang pagtamyaw sa isa ka dungganon nga bisita nga may nagakaigo nga pormalidad, kag ang mga resulta mahimo nga tuhay gid sa masunod nga tion.
"""Baby sea turtles when they hatch have to break through the egg, dig out of the sand and make their way down to the water."""	"""Ang mga lapsag nga pawikan kon mag-utod sila dapat maglusot sa itlog, magkutkot gikan sa balas kag magkadto sa tubig."""
The experiment recently documented the effect of light on photosynthesis under carefully monitored conditions.	Ang eksperimento bag-o lang nagdokumento sang epekto sang kapawa sa photosynthesis sa idalom sang maid-id nga ginabantayan nga mga kondisyon.
Here's how to make your home a safer and healthier place to live.	Ari ang paagi para himuon ang imo puluy-an nga mas luwas kag mas mapagros nga lugar nga puy-an.
Would you mind saying that again?	Mahimo bala nga ihambal mo ini liwat?
Education reform advocates changed the school day, while my mum paid a winter coat.	Ang mga manugsakdag sang reporma sa edukasyon nagbag-o sang adlaw sang pag-eskwela, samtang ang akon iloy nagbayad sang winter coat.
"""Again a difference was noted in the interaction between gender, faculties, and levels of study on academic achievement."""	"""Sa liwat ang isa ka kinatuhayan natalupangdan sa interaksiyon sa tunga sang gender, mga faculties, kag lebel sang pagtuon sa akademiko nga kadalag-an."""
"""Bohdanowicz and Martinac (2007) indicated that 75% of environmental pollution caused by hotel industry was from over-consuming energy, water, and materials while operating business (as cited in Y.C Chen & Chen, 2012, p.1)."""	"""Ginpakita nanday Bohdanowicz kag Martinac (2007) nga 75% sang polusyon sa palibot nga gintuga sang industriya sang hotel ang naghalin sa sobra nga pagkonsumo sang enerhiya, tubig, kag mga materyales samtang naga-operate sang negosyo (subong sang ginsambit sa Y.C Chen & Chen, 2012, p.1)."""
"""It uses such key ID to grant the lock, which makes the operation in Elliptics is atomic in the single group."""	"""Ginagamit sini ang amo nga key ID sa paghatag sang kandado, nga nagahimo sang operasyon sa Elliptics nga atomic sa isa ka grupo."""
"""However, they returned to the promised land in the time of Ezra and Nehemiah."""	"""Apang, nagbalik sila sa ginsaad nga duta sang panahon nanday Esdras kag Nehemias."""
The needs of each child are carefully assessed to identify an individualized plan.	Ang mga kinahanglanon sang tagsa ka bata ginausisa sing maayo agod mahibaluan ang isa ka indibidwal nga plano.
This course is designed to introduce students to the art and science of visual effects for broadcast and digital filmmaking.	Ini nga kurso gindesinyo sa pagpakilala sa mga estudyante sa arte kag siyensya sang mga epekto sa biswal para sa broadcast kag digital nga paghimo sang pelikula.
Keep trying, you'll improve.	Padayon sa pagtinguha, molambo ka.
"""It has been estimated that Leak Detect and Repair (LDAR) programs can reduce fugitive emissions by 40% to 60%, depending on the frequency of inspections, the process conditions and the fluid emitted."""	"""Ginbulubanta nga ang mga programa sa Leak Detect and Repair (LDAR) makabuhin sang mga fugitive emissions sang 40% tubtob 60%, depende sa kadamuon sang mga inspeksyon, ang mga kondisyon sang proseso kag ang pluido nga ginabuga."""
